sample,participant,image,x,y,r
0,a,23.jpeg,168,60,50
1,a,23.jpeg,193,225,50
2,a,23.jpeg,309,193,50
3,a,23.jpeg,274,443,50
4,a,9.jpeg,216,585,50
5,a,9.jpeg,217,585,50
6,a,9.jpeg,366,628,50
7,a,9.jpeg,415,384,50
8,a,9.jpeg,336,379,50
9,a,9.jpeg,366,311,50
10,a,9.jpeg,324,107,50
11,a,9.jpeg,454,127,50
12,a,9.jpeg,395,283,50
13,a,9.jpeg,312,326,50
14,a,9.jpeg,242,360,50
15,a,9.jpeg,256,470,50
16,a,9.jpeg,282,507,50
17,a,9.jpeg,280,613,50
18,a,9.jpeg,302,499,50
19,a,9.jpeg,192,515,50
20,a,21.jpeg,259,431,50
21,a,21.jpeg,152,617,50
22,b,23.jpeg,187,269,50
23,b,23.jpeg,187,214,50
24,b,23.jpeg,191,170,50
25,b,23.jpeg,262,162,50
26,b,23.jpeg,261,222,50
27,b,23.jpeg,234,276,50
28,b,23.jpeg,191,302,50
29,b,23.jpeg,116,279,50
30,b,23.jpeg,116,81,50
31,b,23.jpeg,67,69,50
32,b,23.jpeg,35,131,50
33,b,23.jpeg,62,308,50
34,b,23.jpeg,64,382,50
35,b,23.jpeg,42,414,50
36,b,23.jpeg,117,401,50
37,b,23.jpeg,123,496,50
38,b,23.jpeg,124,634,50
39,b,23.jpeg,65,659,50
40,b,23.jpeg,184,577,50
41,b,23.jpeg,267,505,50
42,b,23.jpeg,363,566,50
43,b,23.jpeg,416,638,50
44,b,23.jpeg,364,669,50
45,b,23.jpeg,231,662,50
46,b,23.jpeg,155,649,50
47,b,23.jpeg,321,584,50
48,b,23.jpeg,290,610,50
49,b,23.jpeg,508,67,50
50,b,23.jpeg,446,99,50
51,b,23.jpeg,446,203,50
52,b,23.jpeg,506,200,50
53,b,23.jpeg,506,268,50
54,b,23.jpeg,518,369,50
55,b,23.jpeg,575,401,50
56,b,23.jpeg,555,527,50
57,b,23.jpeg,272,696,50
58,b,23.jpeg,299,730,50
59,b,23.jpeg,403,149,50
60,b,23.jpeg,341,71,50
61,b,23.jpeg,199,71,50
62,b,23.jpeg,154,107,50
63,b,23.jpeg,154,168,50
64,b,23.jpeg,163,306,50
65,b,23.jpeg,379,229,50
66,b,23.jpeg,251,208,50
67,b,23.jpeg,231,247,50
68,b,23.jpeg,231,251,50
69,b,23.jpeg,194,303,50
70,b,39.jpeg,386,192,50
71,b,39.jpeg,347,160,50
72,b,39.jpeg,257,186,50
73,b,39.jpeg,295,110,50
74,b,39.jpeg,360,132,50
75,b,39.jpeg,359,218,50
76,b,39.jpeg,357,255,50
77,b,39.jpeg,218,259,50
78,b,39.jpeg,86,254,50
79,b,39.jpeg,54,306,50
80,b,39.jpeg,61,357,50
81,b,39.jpeg,64,425,50
82,b,39.jpeg,147,389,50
83,b,39.jpeg,147,477,50
84,b,39.jpeg,147,477,50
85,b,39.jpeg,95,532,50
86,b,39.jpeg,46,609,50
87,b,39.jpeg,103,634,50
88,b,39.jpeg,147,645,50
89,b,39.jpeg,256,674,50
90,b,39.jpeg,316,635,50
91,b,39.jpeg,393,634,50
92,b,39.jpeg,485,634,50
93,b,39.jpeg,485,634,50
94,b,39.jpeg,492,626,50
95,b,39.jpeg,450,608,50
96,b,39.jpeg,373,582,50
97,b,39.jpeg,264,588,50
98,b,39.jpeg,260,588,50
99,b,39.jpeg,216,587,50
100,b,39.jpeg,269,520,50
101,b,39.jpeg,290,520,50
102,b,39.jpeg,281,467,50
103,b,39.jpeg,286,343,50
104,b,39.jpeg,286,343,50
105,b,39.jpeg,298,382,50
106,b,39.jpeg,298,394,50
107,b,39.jpeg,299,415,50
108,b,39.jpeg,317,438,50
109,b,39.jpeg,425,454,50
110,b,39.jpeg,481,418,50
111,b,39.jpeg,431,343,50
112,b,39.jpeg,476,331,50
113,b,39.jpeg,436,255,50
114,b,39.jpeg,365,170,50
115,b,39.jpeg,299,59,50
116,b,39.jpeg,204,73,50
117,b,39.jpeg,107,110,50
118,b,39.jpeg,15,209,50
119,b,39.jpeg,66,260,50
120,b,39.jpeg,176,226,50
121,b,39.jpeg,176,226,50
122,b,39.jpeg,184,279,50
123,b,39.jpeg,180,339,50
124,b,39.jpeg,307,247,50
125,b,39.jpeg,276,190,50
126,b,39.jpeg,202,61,50
127,b,39.jpeg,40,35,50
128,b,39.jpeg,271,48,50
129,b,39.jpeg,391,60,50
130,b,39.jpeg,535,46,50
131,b,39.jpeg,568,117,50
132,b,39.jpeg,561,204,50
133,b,39.jpeg,565,311,50
134,b,39.jpeg,547,326,50
135,b,39.jpeg,487,381,50
136,b,39.jpeg,504,484,50
137,b,39.jpeg,527,579,50
138,b,39.jpeg,518,613,50
139,b,39.jpeg,440,641,50
140,b,39.jpeg,299,644,50
141,b,39.jpeg,151,630,50
142,b,39.jpeg,27,639,50
143,b,39.jpeg,251,613,50
144,b,39.jpeg,195,718,50
145,b,39.jpeg,333,682,50
146,b,39.jpeg,447,638,50
147,b,39.jpeg,352,566,50
148,b,39.jpeg,252,557,50
149,b,39.jpeg,151,556,50
150,b,39.jpeg,207,399,50
151,b,39.jpeg,118,391,50
152,b,39.jpeg,75,260,50
153,b,39.jpeg,172,175,50
154,b,39.jpeg,289,131,50
155,b,39.jpeg,265,670,50
156,b,39.jpeg,179,609,50
157,b,39.jpeg,116,580,50
158,b,39.jpeg,118,536,50
159,b,39.jpeg,70,543,50
160,b,39.jpeg,246,510,50
161,b,39.jpeg,361,522,50
162,b,39.jpeg,421,567,50
163,b,39.jpeg,508,614,50
164,b,39.jpeg,486,659,50
165,b,39.jpeg,377,659,50
166,b,39.jpeg,366,529,50
167,b,39.jpeg,334,548,50
168,b,39.jpeg,311,548,50
169,b,39.jpeg,217,543,50
170,b,39.jpeg,215,543,50
171,b,39.jpeg,126,514,50
172,b,39.jpeg,63,532,50
173,b,39.jpeg,99,462,50
174,b,39.jpeg,108,381,50
175,b,39.jpeg,90,307,50
176,b,39.jpeg,144,300,50
177,b,39.jpeg,47,453,50
178,b,39.jpeg,27,330,50
179,b,39.jpeg,74,281,50
180,b,39.jpeg,572,313,50
181,b,39.jpeg,575,377,50
182,b,39.jpeg,477,405,50
183,b,39.jpeg,429,328,50
184,b,39.jpeg,483,272,50
185,b,39.jpeg,332,421,50
186,b,39.jpeg,327,515,50
187,b,39.jpeg,337,556,50
188,b,39.jpeg,147,54,50
189,b,39.jpeg,91,119,50
190,b,39.jpeg,78,150,50
191,b,39.jpeg,162,163,50
192,b,39.jpeg,197,175,50
193,b,39.jpeg,260,56,50
194,b,39.jpeg,358,73,50
195,b,39.jpeg,421,150,50
196,b,39.jpeg,493,195,50
197,b,39.jpeg,319,487,50
198,b,39.jpeg,254,556,50
199,b,39.jpeg,162,593,50
200,b,39.jpeg,119,593,50
201,b,39.jpeg,101,593,50
202,b,39.jpeg,60,622,50
203,b,9.jpeg,341,408,50
204,b,9.jpeg,372,465,50
205,b,9.jpeg,364,538,50
206,b,9.jpeg,337,667,50
207,b,9.jpeg,290,579,50
208,b,9.jpeg,246,549,50
209,b,9.jpeg,202,530,50
210,b,9.jpeg,236,344,50
211,b,9.jpeg,315,324,50
212,b,9.jpeg,302,404,50
213,b,9.jpeg,247,405,50
214,b,9.jpeg,247,459,50
215,b,9.jpeg,312,518,50
216,b,9.jpeg,381,468,50
217,b,9.jpeg,323,533,50
218,b,9.jpeg,270,565,50
219,b,9.jpeg,231,505,50
220,b,9.jpeg,187,513,50
221,b,9.jpeg,249,493,50
222,b,9.jpeg,238,350,50
223,b,9.jpeg,354,336,50
224,b,9.jpeg,154,283,50
225,b,9.jpeg,211,334,50
226,b,9.jpeg,244,371,50
227,b,9.jpeg,324,332,50
228,b,9.jpeg,356,442,50
229,b,9.jpeg,356,490,50
230,b,9.jpeg,264,490,50
231,b,9.jpeg,217,514,50
232,b,9.jpeg,197,565,50
233,b,9.jpeg,197,588,50
234,b,9.jpeg,277,603,50
235,b,9.jpeg,241,391,50
236,b,9.jpeg,286,631,50
237,b,9.jpeg,370,497,50
238,b,9.jpeg,302,450,50
239,b,9.jpeg,267,540,50
240,b,9.jpeg,186,511,50
241,b,9.jpeg,263,355,50
242,b,9.jpeg,218,389,50
243,b,9.jpeg,278,343,50
244,b,9.jpeg,344,324,50
245,b,9.jpeg,176,302,50
246,b,9.jpeg,389,426,50
247,b,9.jpeg,385,461,50
248,b,9.jpeg,223,508,50
249,b,9.jpeg,240,464,50
250,b,9.jpeg,274,357,50
251,b,9.jpeg,275,459,50
252,b,9.jpeg,275,523,50
253,b,9.jpeg,299,658,50
254,b,9.jpeg,328,699,50
255,b,9.jpeg,382,471,50
256,b,9.jpeg,268,364,50
257,b,9.jpeg,232,363,50
258,b,9.jpeg,306,269,50
259,b,9.jpeg,395,498,50
260,b,9.jpeg,441,299,50
261,b,9.jpeg,353,338,50
262,b,9.jpeg,375,302,50
263,b,9.jpeg,375,388,50
264,b,9.jpeg,375,444,50
265,b,9.jpeg,381,497,50
266,b,9.jpeg,326,410,50
267,b,9.jpeg,319,318,50
268,b,9.jpeg,249,329,50
269,b,9.jpeg,260,410,50
270,b,21.jpeg,220,135,50
271,b,21.jpeg,129,135,50
272,b,21.jpeg,97,150,50
273,b,21.jpeg,161,83,50
274,b,21.jpeg,201,59,50
275,b,21.jpeg,211,121,50
276,b,21.jpeg,210,183,50
277,b,21.jpeg,282,195,50
278,b,21.jpeg,289,88,50
279,b,21.jpeg,188,132,50
280,b,21.jpeg,211,222,50
281,b,21.jpeg,310,194,50
282,b,21.jpeg,386,271,50
283,b,21.jpeg,392,310,50
284,b,21.jpeg,413,310,50
285,b,21.jpeg,271,236,50
286,b,21.jpeg,199,242,50
287,b,21.jpeg,133,280,50
288,b,21.jpeg,317,355,50
289,b,21.jpeg,423,407,50
290,b,21.jpeg,423,445,50
291,b,21.jpeg,407,459,50
292,b,21.jpeg,304,371,50
293,b,21.jpeg,204,310,50
294,b,21.jpeg,156,330,50
295,b,21.jpeg,150,358,50
296,b,21.jpeg,129,452,50
297,b,21.jpeg,204,435,50
298,b,21.jpeg,271,511,50
299,b,21.jpeg,171,559,50
300,b,21.jpeg,171,559,50
301,b,21.jpeg,122,619,50
302,b,21.jpeg,102,761,50
303,b,21.jpeg,11,843,50
304,b,21.jpeg,193,648,50
305,b,21.jpeg,306,618,50
306,b,21.jpeg,470,508,50
307,b,21.jpeg,455,652,50
308,b,21.jpeg,374,737,50
309,b,21.jpeg,362,725,50
310,b,21.jpeg,328,645,50
311,b,21.jpeg,377,576,50
312,b,21.jpeg,252,580,50
313,b,21.jpeg,280,633,50
314,b,21.jpeg,294,660,50
315,b,21.jpeg,381,689,50
316,b,21.jpeg,424,736,50
317,b,21.jpeg,348,747,50
318,b,21.jpeg,241,704,50
319,b,21.jpeg,331,606,50
320,b,21.jpeg,472,356,50
321,b,21.jpeg,328,230,50
322,b,21.jpeg,279,155,50
323,b,21.jpeg,219,97,50
324,b,21.jpeg,101,234,50
325,b,21.jpeg,266,190,50
326,b,21.jpeg,245,250,50
327,b,21.jpeg,509,373,50
328,b,21.jpeg,392,523,50
329,b,21.jpeg,219,429,50
330,b,21.jpeg,182,477,50
331,b,21.jpeg,433,650,50
332,b,21.jpeg,370,579,50
333,b,21.jpeg,507,486,50
334,b,21.jpeg,368,186,50
335,b,21.jpeg,301,224,50
336,b,21.jpeg,125,349,50
337,b,21.jpeg,167,479,50
338,b,21.jpeg,313,268,50
339,b,21.jpeg,281,287,50
340,b,21.jpeg,293,330,50
341,b,21.jpeg,276,546,50
342,b,21.jpeg,301,587,50
343,b,21.jpeg,318,624,50
344,b,21.jpeg,395,641,50
345,b,21.jpeg,338,659,50
346,b,21.jpeg,417,538,50
347,b,21.jpeg,475,344,50
348,b,21.jpeg,313,302,50
349,b,21.jpeg,302,235,50
350,b,21.jpeg,194,255,50
351,b,21.jpeg,168,141,50
352,b,21.jpeg,205,73,50
353,b,21.jpeg,271,78,50
354,b,21.jpeg,317,167,50
355,b,21.jpeg,386,207,50
356,b,21.jpeg,406,251,50
357,b,21.jpeg,409,285,50
358,b,21.jpeg,473,308,50
359,b,21.jpeg,514,346,50
360,b,21.jpeg,486,382,50
361,b,21.jpeg,462,417,50
362,b,21.jpeg,440,447,50
363,b,21.jpeg,420,467,50
364,b,21.jpeg,279,58,50
365,b,21.jpeg,193,83,50
366,b,21.jpeg,134,148,50
367,b,21.jpeg,215,92,50
368,b,21.jpeg,215,140,50
369,b,21.jpeg,292,208,50
370,b,21.jpeg,347,229,50
371,b,21.jpeg,347,279,50
372,b,21.jpeg,171,536,50
373,b,21.jpeg,241,533,50
374,b,21.jpeg,241,595,50
375,b,21.jpeg,269,704,50
376,b,21.jpeg,325,771,50
377,b,21.jpeg,367,801,50
378,b,21.jpeg,441,170,50
379,b,21.jpeg,413,247,50
380,b,21.jpeg,346,383,50
381,b,21.jpeg,188,394,50
382,b,21.jpeg,106,335,50
383,c,23.jpeg,552,365,50
384,c,23.jpeg,552,365,50
385,c,23.jpeg,552,365,50
386,c,23.jpeg,552,365,50
387,c,23.jpeg,552,365,50
388,c,23.jpeg,552,365,50
389,c,23.jpeg,552,365,50
390,c,23.jpeg,552,365,50
391,c,23.jpeg,552,365,50
392,c,23.jpeg,197,297,50
393,c,23.jpeg,197,297,50
394,c,23.jpeg,197,297,50
395,c,23.jpeg,246,391,50
396,c,23.jpeg,246,391,50
397,c,23.jpeg,246,391,50
398,c,23.jpeg,293,212,50
399,c,23.jpeg,293,212,50
400,c,23.jpeg,253,186,50
401,c,23.jpeg,253,186,50
402,c,23.jpeg,219,152,50
403,c,23.jpeg,269,144,50
404,c,23.jpeg,307,107,50
405,c,23.jpeg,373,190,50
406,c,23.jpeg,323,266,50
407,c,23.jpeg,236,341,50
408,c,23.jpeg,187,246,50
409,c,23.jpeg,187,154,50
410,c,23.jpeg,486,230,50
411,c,23.jpeg,486,230,50
412,c,23.jpeg,486,230,50
413,c,23.jpeg,486,230,50
414,c,23.jpeg,22,158,50
415,c,23.jpeg,293,318,50
416,c,23.jpeg,282,210,50
417,c,23.jpeg,207,106,50
418,c,23.jpeg,60,103,50
419,c,23.jpeg,139,253,50
420,c,23.jpeg,276,279,50
421,c,23.jpeg,283,193,50
422,c,23.jpeg,312,133,50
423,c,23.jpeg,439,115,50
424,c,23.jpeg,534,136,50
425,c,23.jpeg,529,315,50
426,c,23.jpeg,526,363,50
427,c,23.jpeg,333,541,50
428,c,23.jpeg,300,513,50
429,c,23.jpeg,263,478,50
430,c,23.jpeg,218,422,50
431,c,23.jpeg,168,372,50
432,c,23.jpeg,165,287,50
433,c,23.jpeg,170,197,50
434,c,23.jpeg,192,115,50
435,c,23.jpeg,212,103,50
436,c,23.jpeg,231,136,50
437,c,23.jpeg,276,233,50
438,c,23.jpeg,310,323,50
439,c,23.jpeg,391,425,50
440,c,23.jpeg,399,436,50
441,c,23.jpeg,412,560,50
442,c,23.jpeg,218,724,50
443,c,23.jpeg,127,686,50
444,c,23.jpeg,98,637,50
445,c,23.jpeg,166,558,50
446,c,23.jpeg,136,517,50
447,c,23.jpeg,134,468,50
448,c,23.jpeg,123,396,50
449,c,23.jpeg,148,317,50
450,c,23.jpeg,208,218,50
451,c,23.jpeg,239,217,50
452,c,23.jpeg,373,252,50
453,c,23.jpeg,391,305,50
454,c,23.jpeg,324,479,50
455,c,23.jpeg,379,541,50
456,c,23.jpeg,440,616,50
457,c,23.jpeg,468,632,50
458,c,23.jpeg,435,458,50
459,c,23.jpeg,195,194,50
460,c,23.jpeg,111,126,50
461,c,23.jpeg,116,239,50
462,c,23.jpeg,359,266,50
463,c,23.jpeg,359,266,50
464,c,23.jpeg,294,118,50
465,c,23.jpeg,255,281,50
466,c,23.jpeg,200,153,50
467,c,23.jpeg,486,78,50
468,c,23.jpeg,582,51,50
469,c,23.jpeg,476,45,50
470,c,23.jpeg,384,52,50
471,c,23.jpeg,335,50,50
472,c,23.jpeg,251,49,50
473,c,23.jpeg,180,45,50
474,c,23.jpeg,132,52,50
475,c,23.jpeg,68,54,50
476,c,23.jpeg,40,75,50
477,c,23.jpeg,47,126,50
478,c,23.jpeg,52,163,50
479,c,23.jpeg,51,235,50
480,c,23.jpeg,43,290,50
481,c,23.jpeg,42,320,50
482,c,23.jpeg,28,409,50
483,c,23.jpeg,31,433,50
484,c,23.jpeg,41,479,50
485,c,23.jpeg,41,560,50
486,c,23.jpeg,48,624,50
487,c,23.jpeg,53,649,50
488,c,23.jpeg,57,690,50
489,c,23.jpeg,58,744,50
490,c,23.jpeg,53,770,50
491,c,23.jpeg,101,774,50
492,c,23.jpeg,162,758,50
493,c,23.jpeg,225,757,50
494,c,23.jpeg,348,751,50
495,c,23.jpeg,375,746,50
496,c,23.jpeg,392,746,50
497,c,23.jpeg,499,728,50
498,c,23.jpeg,530,733,50
499,c,23.jpeg,561,718,50
500,c,23.jpeg,566,692,50
501,c,23.jpeg,541,689,50
502,c,23.jpeg,499,698,50
503,c,23.jpeg,425,696,50
504,c,23.jpeg,350,682,50
505,c,23.jpeg,290,678,50
506,c,23.jpeg,194,685,50
507,c,23.jpeg,107,705,50
508,c,23.jpeg,70,719,50
509,c,23.jpeg,52,682,50
510,c,23.jpeg,48,651,50
511,c,23.jpeg,56,640,50
512,c,23.jpeg,167,621,50
513,c,23.jpeg,169,619,50
514,c,23.jpeg,232,624,50
515,c,23.jpeg,355,634,50
516,c,23.jpeg,362,632,50
517,c,23.jpeg,561,618,50
518,c,23.jpeg,563,617,50
519,c,23.jpeg,536,602,50
520,c,23.jpeg,524,589,50
521,c,23.jpeg,502,589,50
522,c,23.jpeg,485,574,50
523,c,23.jpeg,439,583,50
524,c,23.jpeg,415,584,50
525,c,23.jpeg,377,592,50
526,c,23.jpeg,353,602,50
527,c,23.jpeg,292,636,50
528,c,23.jpeg,292,636,50
529,c,23.jpeg,243,605,50
530,c,23.jpeg,143,617,50
531,c,23.jpeg,66,621,50
532,c,23.jpeg,65,621,50
533,c,23.jpeg,50,577,50
534,c,23.jpeg,47,566,50
535,c,23.jpeg,105,532,50
536,c,23.jpeg,124,532,50
537,c,23.jpeg,124,532,50
538,c,23.jpeg,197,546,50
539,c,23.jpeg,251,542,50
540,c,23.jpeg,261,541,50
541,c,23.jpeg,341,538,50
542,c,23.jpeg,415,530,50
543,c,23.jpeg,431,527,50
544,c,23.jpeg,465,528,50
545,c,23.jpeg,509,530,50
546,c,23.jpeg,554,518,50
547,c,23.jpeg,543,473,50
548,c,23.jpeg,523,457,50
549,c,23.jpeg,394,480,50
550,c,23.jpeg,270,488,50
551,c,23.jpeg,201,479,50
552,c,23.jpeg,142,488,50
553,c,23.jpeg,110,491,50
554,c,23.jpeg,85,497,50
555,c,23.jpeg,78,492,50
556,c,23.jpeg,71,479,50
557,c,23.jpeg,65,439,50
558,c,23.jpeg,69,424,50
559,c,23.jpeg,146,425,50
560,c,23.jpeg,188,429,50
561,c,23.jpeg,259,435,50
562,c,23.jpeg,303,437,50
563,c,23.jpeg,325,435,50
564,c,23.jpeg,366,437,50
565,c,23.jpeg,421,439,50
566,c,23.jpeg,468,438,50
567,c,23.jpeg,531,435,50
568,c,23.jpeg,577,432,50
569,c,23.jpeg,578,427,50
570,c,23.jpeg,576,404,50
571,c,23.jpeg,559,380,50
572,c,23.jpeg,548,374,50
573,c,23.jpeg,529,369,50
574,c,23.jpeg,503,370,50
575,c,23.jpeg,399,373,50
576,c,23.jpeg,293,376,50
577,c,23.jpeg,206,383,50
578,c,23.jpeg,60,401,50
579,c,23.jpeg,58,401,50
580,c,23.jpeg,32,369,50
581,c,23.jpeg,40,333,50
582,c,23.jpeg,124,327,50
583,c,23.jpeg,152,327,50
584,c,23.jpeg,166,325,50
585,c,23.jpeg,267,320,50
586,c,23.jpeg,346,318,50
587,c,23.jpeg,372,319,50
588,c,23.jpeg,451,324,50
589,c,23.jpeg,575,309,50
590,c,23.jpeg,579,310,50
591,c,23.jpeg,579,282,50
592,c,23.jpeg,577,250,50
593,c,23.jpeg,549,246,50
594,c,23.jpeg,493,248,50
595,c,23.jpeg,460,246,50
596,c,23.jpeg,426,250,50
597,c,23.jpeg,331,257,50
598,c,23.jpeg,204,250,50
599,c,23.jpeg,148,255,50
600,c,23.jpeg,87,257,50
601,c,23.jpeg,62,263,50
602,c,23.jpeg,61,263,50
603,c,23.jpeg,54,196,50
604,c,23.jpeg,55,189,50
605,c,23.jpeg,185,170,50
606,c,23.jpeg,238,176,50
607,c,23.jpeg,310,183,50
608,c,23.jpeg,383,179,50
609,c,23.jpeg,476,169,50
610,c,23.jpeg,532,174,50
611,c,23.jpeg,567,164,50
612,c,23.jpeg,579,118,50
613,c,23.jpeg,573,93,50
614,c,23.jpeg,566,89,50
615,c,23.jpeg,512,96,50
616,c,23.jpeg,327,51,50
617,c,23.jpeg,288,54,50
618,c,23.jpeg,219,68,50
619,c,23.jpeg,115,77,50
620,c,23.jpeg,37,104,50
621,c,23.jpeg,32,118,50
622,c,23.jpeg,105,190,50
623,c,23.jpeg,254,145,50
624,c,23.jpeg,319,229,50
625,c,23.jpeg,217,535,50
626,c,23.jpeg,217,535,50
627,c,23.jpeg,111,435,50
628,c,23.jpeg,82,338,50
629,c,23.jpeg,82,338,50
630,c,23.jpeg,246,350,50
631,c,23.jpeg,246,350,50
632,c,23.jpeg,283,448,50
633,c,23.jpeg,255,175,50
634,c,23.jpeg,255,175,50
635,c,23.jpeg,221,764,50
636,c,23.jpeg,219,736,50
637,c,23.jpeg,219,736,50
638,c,23.jpeg,238,731,50
639,c,23.jpeg,262,726,50
640,c,23.jpeg,337,717,50
641,c,23.jpeg,337,717,50
642,c,23.jpeg,337,717,50
643,c,23.jpeg,288,713,50
644,c,23.jpeg,229,721,50
645,c,23.jpeg,142,723,50
646,c,23.jpeg,336,648,50
647,c,23.jpeg,329,638,50
648,c,23.jpeg,315,626,50
649,c,23.jpeg,300,623,50
650,c,23.jpeg,282,759,50
651,c,23.jpeg,304,748,50
652,c,39.jpeg,452,346,50
653,c,39.jpeg,317,266,50
654,c,39.jpeg,317,266,50
655,c,39.jpeg,280,198,50
656,c,39.jpeg,336,177,50
657,c,39.jpeg,415,301,50
658,c,39.jpeg,436,403,50
659,c,39.jpeg,404,440,50
660,c,39.jpeg,145,346,50
661,c,39.jpeg,145,346,50
662,c,39.jpeg,258,279,50
663,c,39.jpeg,308,238,50
664,c,39.jpeg,326,347,50
665,c,39.jpeg,326,445,50
666,c,39.jpeg,272,476,50
667,c,39.jpeg,236,531,50
668,c,39.jpeg,236,531,50
669,c,39.jpeg,167,565,50
670,c,39.jpeg,141,588,50
671,c,39.jpeg,141,588,50
672,c,39.jpeg,146,588,50
673,c,39.jpeg,292,594,50
674,c,39.jpeg,292,594,50
675,c,39.jpeg,292,594,50
676,c,39.jpeg,556,406,50
677,c,39.jpeg,549,519,50
678,c,39.jpeg,546,571,50
679,c,39.jpeg,461,591,50
680,c,39.jpeg,430,611,50
681,c,39.jpeg,315,637,50
682,c,39.jpeg,240,654,50
683,c,39.jpeg,135,399,50
684,c,39.jpeg,120,345,50
685,c,39.jpeg,150,301,50
686,c,39.jpeg,189,280,50
687,c,39.jpeg,344,251,50
688,c,39.jpeg,437,245,50
689,c,39.jpeg,487,262,50
690,c,39.jpeg,503,307,50
691,c,39.jpeg,505,316,50
692,c,39.jpeg,500,369,50
693,c,39.jpeg,478,405,50
694,c,39.jpeg,399,426,50
695,c,39.jpeg,290,418,50
696,c,39.jpeg,218,415,50
697,c,39.jpeg,164,372,50
698,c,39.jpeg,157,318,50
699,c,39.jpeg,229,302,50
700,c,39.jpeg,283,279,50
701,c,39.jpeg,349,288,50
702,c,9.jpeg,569,449,50
703,c,9.jpeg,502,418,50
704,c,9.jpeg,417,384,50
705,c,9.jpeg,411,383,50
706,c,9.jpeg,411,383,50
707,c,9.jpeg,316,390,50
708,c,9.jpeg,316,390,50
709,c,9.jpeg,301,399,50
710,c,9.jpeg,286,450,50
711,c,9.jpeg,286,450,50
712,c,9.jpeg,287,453,50
713,c,21.jpeg,380,315,50
714,c,21.jpeg,380,315,50
715,c,21.jpeg,272,321,50
716,c,21.jpeg,240,363,50
717,c,21.jpeg,240,366,50
718,c,21.jpeg,248,188,50
719,c,21.jpeg,248,188,50
720,c,21.jpeg,262,148,50
721,c,21.jpeg,344,549,50
722,c,21.jpeg,394,588,50
723,c,21.jpeg,345,620,50
724,c,21.jpeg,300,638,50
725,c,21.jpeg,296,641,50
726,d,23.jpeg,172,494,50
727,d,23.jpeg,82,307,50
728,d,23.jpeg,58,197,50
729,d,23.jpeg,119,182,50
730,d,23.jpeg,125,288,50
731,d,23.jpeg,219,182,50
732,d,23.jpeg,238,218,50
733,d,23.jpeg,238,273,50
734,d,23.jpeg,221,285,50
735,d,23.jpeg,198,432,50
736,d,23.jpeg,208,495,50
737,d,23.jpeg,208,566,50
738,d,23.jpeg,297,575,50
739,d,23.jpeg,329,611,50
740,d,23.jpeg,218,631,50
741,d,23.jpeg,160,630,50
742,d,23.jpeg,118,596,50
743,d,23.jpeg,118,490,50
744,d,23.jpeg,57,348,50
745,d,23.jpeg,60,197,50
746,d,23.jpeg,178,168,50
747,d,23.jpeg,98,238,50
748,d,23.jpeg,226,201,50
749,d,23.jpeg,307,192,50
750,d,23.jpeg,362,262,50
751,d,23.jpeg,382,275,50
752,d,23.jpeg,291,1,50
753,d,23.jpeg,234,60,50
754,d,23.jpeg,344,307,50
755,d,23.jpeg,226,174,50
756,d,23.jpeg,176,241,50
757,d,23.jpeg,221,271,50
758,d,23.jpeg,142,576,50
759,d,23.jpeg,168,624,50
760,d,23.jpeg,113,626,50
761,d,23.jpeg,177,589,50
762,d,23.jpeg,181,563,50
763,d,23.jpeg,205,543,50
764,d,23.jpeg,241,520,50
765,d,23.jpeg,303,510,50
766,d,23.jpeg,286,607,50
767,d,23.jpeg,337,634,50
768,d,23.jpeg,401,614,50
769,d,23.jpeg,269,104,50
770,d,23.jpeg,244,178,50
771,d,23.jpeg,220,206,50
772,d,23.jpeg,186,169,50
773,d,23.jpeg,210,276,50
774,d,23.jpeg,292,250,50
775,d,23.jpeg,179,224,50
776,d,39.jpeg,189,200,50
777,d,39.jpeg,314,203,50
778,d,39.jpeg,337,147,50
779,d,39.jpeg,378,150,50
780,d,39.jpeg,383,193,50
781,d,39.jpeg,326,235,50
782,d,39.jpeg,282,293,50
783,d,39.jpeg,275,364,50
784,d,39.jpeg,221,369,50
785,d,39.jpeg,195,337,50
786,d,39.jpeg,197,311,50
787,d,39.jpeg,249,309,50
788,d,39.jpeg,270,322,50
789,d,39.jpeg,360,353,50
790,d,39.jpeg,442,358,50
791,d,39.jpeg,484,364,50
792,d,39.jpeg,483,319,50
793,d,39.jpeg,473,297,50
794,d,39.jpeg,439,287,50
795,d,39.jpeg,441,228,50
796,d,39.jpeg,493,228,50
797,d,39.jpeg,476,171,50
798,d,39.jpeg,454,154,50
799,d,39.jpeg,453,78,50
800,d,39.jpeg,402,60,50
801,d,39.jpeg,346,59,50
802,d,39.jpeg,318,58,50
803,d,39.jpeg,252,58,50
804,d,39.jpeg,203,113,50
805,d,39.jpeg,182,185,50
806,d,39.jpeg,300,162,50
807,d,39.jpeg,356,173,50
808,d,39.jpeg,366,207,50
809,d,39.jpeg,326,206,50
810,d,39.jpeg,274,201,50
811,d,39.jpeg,215,200,50
812,d,39.jpeg,154,203,50
813,d,39.jpeg,110,198,50
814,d,39.jpeg,71,208,50
815,d,39.jpeg,69,273,50
816,d,39.jpeg,58,340,50
817,d,39.jpeg,28,277,50
818,d,39.jpeg,43,330,50
819,d,39.jpeg,114,399,50
820,d,39.jpeg,130,419,50
821,d,39.jpeg,181,450,50
822,d,39.jpeg,219,463,50
823,d,39.jpeg,236,474,50
824,d,39.jpeg,263,498,50
825,d,39.jpeg,305,505,50
826,d,39.jpeg,347,505,50
827,d,39.jpeg,392,505,50
828,d,39.jpeg,404,499,50
829,d,39.jpeg,391,465,50
830,d,39.jpeg,364,444,50
831,d,39.jpeg,314,437,50
832,d,39.jpeg,278,437,50
833,d,39.jpeg,235,410,50
834,d,39.jpeg,198,410,50
835,d,39.jpeg,203,375,50
836,d,39.jpeg,233,347,50
837,d,39.jpeg,261,347,50
838,d,39.jpeg,279,347,50
839,d,39.jpeg,319,347,50
840,d,39.jpeg,351,349,50
841,d,39.jpeg,418,351,50
842,d,39.jpeg,432,379,50
843,d,39.jpeg,418,289,50
844,d,39.jpeg,343,271,50
845,d,39.jpeg,250,337,50
846,d,39.jpeg,307,527,50
847,d,39.jpeg,233,566,50
848,d,39.jpeg,138,573,50
849,d,39.jpeg,74,632,50
850,d,39.jpeg,50,599,50
851,d,39.jpeg,120,602,50
852,d,39.jpeg,195,605,50
853,d,39.jpeg,271,628,50
854,d,39.jpeg,323,628,50
855,d,39.jpeg,362,628,50
856,d,39.jpeg,439,628,50
857,d,39.jpeg,491,628,50
858,d,39.jpeg,519,626,50
859,d,39.jpeg,352,565,50
860,d,39.jpeg,271,572,50
861,d,39.jpeg,249,565,50
862,d,9.jpeg,274,387,50
863,d,9.jpeg,312,307,50
864,d,9.jpeg,346,361,50
865,d,9.jpeg,354,400,50
866,d,9.jpeg,354,432,50
867,d,9.jpeg,354,455,50
868,d,9.jpeg,341,602,50
869,d,9.jpeg,300,641,50
870,d,9.jpeg,246,636,50
871,d,9.jpeg,151,622,50
872,d,9.jpeg,135,541,50
873,d,9.jpeg,105,392,50
874,d,9.jpeg,231,373,50
875,d,9.jpeg,252,329,50
876,d,9.jpeg,208,282,50
877,d,9.jpeg,199,241,50
878,d,9.jpeg,324,224,50
879,d,9.jpeg,439,259,50
880,d,9.jpeg,425,376,50
881,d,9.jpeg,491,438,50
882,d,9.jpeg,431,401,50
883,d,9.jpeg,398,453,50
884,d,9.jpeg,373,477,50
885,d,9.jpeg,305,449,50
886,d,9.jpeg,297,565,50
887,d,9.jpeg,257,559,50
888,d,9.jpeg,307,635,50
889,d,9.jpeg,316,793,50
890,d,9.jpeg,316,735,50
891,d,9.jpeg,380,708,50
892,d,9.jpeg,392,666,50
893,d,9.jpeg,428,666,50
894,d,21.jpeg,334,308,50
895,d,21.jpeg,461,335,50
896,d,21.jpeg,300,294,50
897,d,21.jpeg,254,253,50
898,d,21.jpeg,207,234,50
899,d,21.jpeg,136,228,50
900,d,21.jpeg,115,279,50
901,d,21.jpeg,110,316,50
902,d,21.jpeg,258,347,50
903,d,21.jpeg,364,352,50
904,d,21.jpeg,463,359,50
905,d,21.jpeg,518,349,50
906,d,21.jpeg,521,334,50
907,d,21.jpeg,451,314,50
908,d,21.jpeg,407,277,50
909,d,21.jpeg,353,257,50
910,d,21.jpeg,316,121,50
911,d,21.jpeg,256,255,50
912,d,21.jpeg,224,176,50
913,d,21.jpeg,189,149,50
914,d,21.jpeg,179,207,50
915,d,21.jpeg,109,351,50
916,d,21.jpeg,78,380,50
917,d,21.jpeg,79,481,50
918,d,21.jpeg,144,481,50
919,d,21.jpeg,180,463,50
920,d,21.jpeg,214,463,50
921,d,21.jpeg,249,509,50
922,d,21.jpeg,307,527,50
923,d,21.jpeg,322,616,50
924,d,21.jpeg,331,669,50
925,d,21.jpeg,391,647,50
926,d,21.jpeg,267,629,50
927,d,21.jpeg,194,608,50
928,d,21.jpeg,134,626,50
929,d,21.jpeg,109,671,50
930,d,21.jpeg,86,792,50
931,d,21.jpeg,156,799,50
932,d,21.jpeg,253,800,50
933,d,21.jpeg,304,801,50
934,d,21.jpeg,363,805,50
935,d,21.jpeg,424,808,50
936,d,21.jpeg,468,810,50
937,d,21.jpeg,533,812,50
938,d,21.jpeg,552,801,50
939,d,21.jpeg,493,755,50
940,d,21.jpeg,482,735,50
941,d,21.jpeg,505,731,50
942,d,21.jpeg,412,685,50
943,d,21.jpeg,324,711,50
944,d,21.jpeg,321,651,50
945,d,21.jpeg,248,615,50
946,d,21.jpeg,314,452,50
947,d,21.jpeg,307,367,50
948,d,21.jpeg,346,378,50
949,d,21.jpeg,267,314,50
950,d,21.jpeg,284,389,50
951,d,21.jpeg,239,371,50
952,d,21.jpeg,169,358,50
953,d,21.jpeg,159,358,50
954,d,21.jpeg,176,341,50
955,d,21.jpeg,225,365,50
956,d,21.jpeg,261,373,50
957,d,21.jpeg,243,403,50
958,d,21.jpeg,199,405,50
959,d,21.jpeg,159,420,50
960,d,21.jpeg,113,418,50
961,d,21.jpeg,66,412,50
962,d,21.jpeg,23,387,50
963,d,21.jpeg,48,337,50
964,d,21.jpeg,26,303,50
965,d,21.jpeg,67,289,50
966,d,21.jpeg,93,308,50
967,d,21.jpeg,127,306,50
968,d,21.jpeg,176,307,50
969,d,21.jpeg,177,292,50
970,d,21.jpeg,139,260,50
971,d,21.jpeg,111,241,50
972,d,21.jpeg,164,233,50
973,d,21.jpeg,197,209,50
974,d,21.jpeg,225,201,50
975,d,21.jpeg,262,201,50
976,d,21.jpeg,304,104,50
977,d,21.jpeg,232,117,50
978,d,21.jpeg,176,117,50
979,d,21.jpeg,138,154,50
980,d,21.jpeg,319,202,50
981,d,21.jpeg,363,208,50
982,d,21.jpeg,405,257,50
983,d,21.jpeg,412,307,50
984,d,21.jpeg,496,337,50
985,d,21.jpeg,527,357,50
986,d,21.jpeg,516,422,50
987,d,21.jpeg,494,475,50
988,d,21.jpeg,453,462,50
989,d,21.jpeg,396,448,50
990,d,21.jpeg,473,335,50
991,d,21.jpeg,504,359,50
992,d,21.jpeg,500,400,50
993,d,21.jpeg,427,396,50
994,d,21.jpeg,432,345,50
995,d,21.jpeg,532,412,50
996,d,21.jpeg,545,364,50
997,d,21.jpeg,504,314,50
998,d,21.jpeg,447,417,50
999,d,21.jpeg,461,475,50
1000,d,21.jpeg,509,486,50
1001,d,21.jpeg,523,540,50
1002,d,21.jpeg,532,581,50
1003,d,21.jpeg,555,624,50
1004,d,21.jpeg,478,614,50
1005,d,21.jpeg,464,550,50
1006,d,21.jpeg,478,515,50
1007,d,21.jpeg,266,253,50
1008,d,21.jpeg,234,220,50
1009,d,21.jpeg,298,230,50
1010,d,21.jpeg,320,312,50
1011,d,21.jpeg,240,230,50
1012,d,21.jpeg,193,260,50
1013,d,21.jpeg,230,379,50
1014,d,21.jpeg,295,336,50
1015,d,21.jpeg,275,376,50
1016,d,21.jpeg,275,411,50
1017,d,21.jpeg,284,436,50
1018,d,21.jpeg,311,469,50
1019,d,21.jpeg,320,487,50
1020,d,21.jpeg,389,440,50
1021,d,21.jpeg,432,427,50
1022,d,21.jpeg,478,411,50
1023,d,21.jpeg,230,332,50
1024,d,21.jpeg,139,253,50
1025,d,21.jpeg,240,247,50
1026,d,21.jpeg,185,400,50
1027,d,21.jpeg,208,455,50
1028,d,21.jpeg,249,457,50
1029,d,21.jpeg,274,471,50
1030,d,21.jpeg,292,480,50
1031,d,21.jpeg,276,433,50
1032,d,21.jpeg,305,376,50
1033,d,21.jpeg,333,507,50
1034,d,21.jpeg,381,508,50
1035,d,21.jpeg,411,488,50
1036,d,21.jpeg,277,486,50
1037,d,21.jpeg,221,463,50
1038,d,21.jpeg,195,523,50
1039,d,21.jpeg,166,584,50
1040,d,21.jpeg,136,597,50
1041,d,21.jpeg,125,619,50
1042,d,21.jpeg,128,696,50
1043,d,21.jpeg,222,721,50
1044,d,21.jpeg,291,689,50
1045,d,21.jpeg,294,640,50
1046,d,21.jpeg,313,599,50
1047,d,21.jpeg,337,599,50
1048,d,21.jpeg,366,609,50
1049,d,21.jpeg,363,668,50
1050,d,21.jpeg,340,700,50
1051,d,21.jpeg,298,712,50
1052,d,21.jpeg,346,731,50
1053,d,21.jpeg,444,719,50
1054,e,23.jpeg,125,626,50
1055,e,23.jpeg,212,569,50
1056,e,23.jpeg,149,591,50
1057,e,23.jpeg,195,57,50
1058,e,23.jpeg,265,87,50
1059,e,23.jpeg,242,238,50
1060,e,23.jpeg,242,238,50
1061,e,23.jpeg,181,185,50
1062,e,23.jpeg,202,98,50
1063,e,23.jpeg,237,43,50
1064,e,23.jpeg,323,51,50
1065,e,23.jpeg,380,88,50
1066,e,23.jpeg,382,168,50
1067,e,23.jpeg,323,335,50
1068,e,23.jpeg,245,414,50
1069,e,23.jpeg,133,440,50
1070,e,23.jpeg,117,531,50
1071,e,23.jpeg,132,610,50
1072,e,23.jpeg,83,697,50
1073,e,23.jpeg,233,696,50
1074,e,23.jpeg,292,708,50
1075,e,23.jpeg,333,714,50
1076,e,23.jpeg,264,745,50
1077,e,23.jpeg,306,731,50
1078,e,23.jpeg,465,108,50
1079,e,23.jpeg,548,100,50
1080,e,23.jpeg,547,70,50
1081,e,23.jpeg,77,79,50
1082,e,23.jpeg,40,82,50
1083,e,23.jpeg,49,170,50
1084,e,23.jpeg,70,286,50
1085,e,23.jpeg,112,227,50
1086,e,23.jpeg,215,145,50
1087,e,23.jpeg,268,235,50
1088,e,23.jpeg,327,125,50
1089,e,23.jpeg,281,75,50
1090,e,23.jpeg,191,73,50
1091,e,23.jpeg,265,592,50
1092,e,23.jpeg,326,619,50
1093,e,23.jpeg,82,418,50
1094,e,23.jpeg,123,544,50
1095,e,23.jpeg,138,596,50
1096,e,23.jpeg,217,616,50
1097,e,23.jpeg,474,438,50
1098,e,23.jpeg,402,219,50
1099,e,23.jpeg,368,293,50
1100,e,23.jpeg,295,336,50
1101,e,23.jpeg,188,380,50
1102,e,23.jpeg,214,418,50
1103,e,23.jpeg,266,430,50
1104,e,23.jpeg,435,453,50
1105,e,23.jpeg,459,510,50
1106,e,23.jpeg,459,607,50
1107,e,23.jpeg,280,108,50
1108,e,23.jpeg,386,125,50
1109,e,23.jpeg,386,204,50
1110,e,23.jpeg,279,120,50
1111,e,23.jpeg,211,117,50
1112,e,23.jpeg,238,77,50
1113,e,23.jpeg,345,77,50
1114,e,23.jpeg,373,136,50
1115,e,23.jpeg,373,214,50
1116,e,23.jpeg,292,737,50
1117,e,23.jpeg,357,733,50
1118,e,23.jpeg,266,735,50
1119,e,23.jpeg,325,737,50
1120,e,23.jpeg,205,689,50
1121,e,23.jpeg,99,655,50
1122,e,23.jpeg,301,564,50
1123,e,23.jpeg,288,666,50
1124,e,23.jpeg,251,680,50
1125,e,23.jpeg,448,531,50
1126,e,39.jpeg,280,368,50
1127,e,39.jpeg,327,256,50
1128,e,39.jpeg,246,167,50
1129,e,39.jpeg,294,109,50
1130,e,39.jpeg,387,121,50
1131,e,39.jpeg,402,154,50
1132,e,39.jpeg,349,209,50
1133,e,39.jpeg,309,198,50
1134,e,39.jpeg,230,198,50
1135,e,39.jpeg,200,231,50
1136,e,39.jpeg,238,252,50
1137,e,39.jpeg,301,252,50
1138,e,39.jpeg,390,241,50
1139,e,39.jpeg,407,273,50
1140,e,39.jpeg,403,312,50
1141,e,39.jpeg,333,323,50
1142,e,39.jpeg,268,300,50
1143,e,39.jpeg,196,297,50
1144,e,39.jpeg,145,276,50
1145,e,39.jpeg,77,278,50
1146,e,39.jpeg,77,320,50
1147,e,39.jpeg,51,244,50
1148,e,39.jpeg,96,221,50
1149,e,39.jpeg,156,235,50
1150,e,39.jpeg,196,235,50
1151,e,39.jpeg,188,353,50
1152,e,39.jpeg,236,346,50
1153,e,39.jpeg,265,346,50
1154,e,39.jpeg,356,357,50
1155,e,39.jpeg,431,370,50
1156,e,39.jpeg,431,414,50
1157,e,39.jpeg,494,330,50
1158,e,39.jpeg,558,334,50
1159,e,39.jpeg,589,372,50
1160,e,39.jpeg,589,409,50
1161,e,39.jpeg,551,451,50
1162,e,39.jpeg,481,451,50
1163,e,39.jpeg,379,453,50
1164,e,39.jpeg,343,452,50
1165,e,39.jpeg,277,453,50
1166,e,39.jpeg,177,449,50
1167,e,39.jpeg,115,465,50
1168,e,39.jpeg,44,515,50
1169,e,39.jpeg,88,543,50
1170,e,39.jpeg,97,577,50
1171,e,39.jpeg,198,546,50
1172,e,39.jpeg,247,604,50
1173,e,39.jpeg,245,645,50
1174,e,39.jpeg,306,650,50
1175,e,39.jpeg,405,636,50
1176,e,39.jpeg,524,645,50
1177,e,39.jpeg,575,645,50
1178,e,39.jpeg,495,600,50
1179,e,39.jpeg,419,567,50
1180,e,39.jpeg,350,527,50
1181,e,39.jpeg,301,522,50
1182,e,39.jpeg,301,461,50
1183,e,39.jpeg,294,383,50
1184,e,39.jpeg,303,308,50
1185,e,39.jpeg,354,360,50
1186,e,39.jpeg,300,234,50
1187,e,39.jpeg,320,145,50
1188,e,39.jpeg,352,116,50
1189,e,39.jpeg,446,116,50
1190,e,39.jpeg,509,67,50
1191,e,39.jpeg,569,72,50
1192,e,39.jpeg,569,118,50
1193,e,39.jpeg,542,200,50
1194,e,39.jpeg,100,187,50
1195,e,39.jpeg,118,85,50
1196,e,39.jpeg,203,85,50
1197,e,39.jpeg,202,190,50
1198,e,39.jpeg,55,360,50
1199,e,39.jpeg,20,494,50
1200,e,39.jpeg,20,598,50
1201,e,39.jpeg,82,702,50
1202,e,39.jpeg,127,673,50
1203,e,39.jpeg,160,744,50
1204,e,39.jpeg,94,735,50
1205,e,39.jpeg,139,663,50
1206,e,39.jpeg,161,644,50
1207,e,39.jpeg,241,644,50
1208,e,39.jpeg,266,562,50
1209,e,39.jpeg,278,510,50
1210,e,39.jpeg,323,462,50
1211,e,39.jpeg,349,348,50
1212,e,39.jpeg,494,320,50
1213,e,9.jpeg,267,535,50
1214,e,9.jpeg,267,337,50
1215,e,9.jpeg,336,223,50
1216,e,9.jpeg,432,222,50
1217,e,9.jpeg,444,340,50
1218,e,9.jpeg,406,381,50
1219,e,9.jpeg,334,359,50
1220,e,9.jpeg,191,400,50
1221,e,9.jpeg,165,259,50
1222,e,9.jpeg,286,36,50
1223,e,9.jpeg,321,78,50
1224,e,9.jpeg,314,115,50
1225,e,9.jpeg,405,115,50
1226,e,9.jpeg,530,90,50
1227,e,9.jpeg,553,256,50
1228,e,9.jpeg,532,453,50
1229,e,9.jpeg,532,703,50
1230,e,9.jpeg,397,720,50
1231,e,9.jpeg,298,722,50
1232,e,9.jpeg,224,725,50
1233,e,9.jpeg,100,719,50
1234,e,9.jpeg,146,607,50
1235,e,9.jpeg,238,517,50
1236,e,9.jpeg,192,473,50
1237,e,9.jpeg,233,372,50
1238,e,9.jpeg,369,367,50
1239,e,9.jpeg,330,300,50
1240,e,21.jpeg,219,97,50
1241,e,21.jpeg,345,109,50
1242,e,21.jpeg,369,251,50
1243,e,21.jpeg,448,330,50
1244,e,21.jpeg,487,344,50
1245,e,21.jpeg,472,419,50
1246,e,21.jpeg,324,376,50
1247,e,21.jpeg,288,334,50
1248,e,21.jpeg,287,252,50
1249,e,21.jpeg,222,235,50
1250,e,21.jpeg,156,246,50
1251,e,21.jpeg,117,202,50
1252,e,21.jpeg,176,147,50
1253,e,21.jpeg,231,174,50
1254,e,21.jpeg,231,223,50
1255,e,21.jpeg,260,271,50
1256,e,21.jpeg,325,269,50
1257,e,21.jpeg,360,277,50
1258,e,21.jpeg,416,330,50
1259,e,21.jpeg,448,369,50
1260,e,21.jpeg,454,407,50
1261,e,21.jpeg,402,416,50
1262,e,21.jpeg,323,416,50
1263,e,21.jpeg,244,413,50
1264,e,21.jpeg,142,413,50
1265,e,21.jpeg,142,412,50
1266,e,21.jpeg,152,490,50
1267,e,21.jpeg,101,527,50
1268,e,21.jpeg,82,576,50
1269,e,21.jpeg,99,613,50
1270,e,21.jpeg,170,614,50
1271,e,21.jpeg,211,740,50
1272,e,21.jpeg,278,737,50
1273,e,21.jpeg,357,726,50
1274,e,21.jpeg,326,643,50
1275,e,21.jpeg,450,387,50
1276,e,21.jpeg,513,367,50
1277,e,21.jpeg,569,351,50
1278,e,21.jpeg,549,454,50
1279,e,21.jpeg,524,586,50
1280,e,21.jpeg,569,678,50
1281,e,21.jpeg,519,732,50
1282,e,21.jpeg,424,728,50
1283,e,21.jpeg,360,694,50
1284,e,21.jpeg,346,645,50
1285,e,21.jpeg,333,583,50
1286,e,21.jpeg,280,560,50
1287,e,21.jpeg,336,513,50
1288,e,21.jpeg,420,546,50
1289,e,21.jpeg,383,454,50
1290,e,21.jpeg,322,450,50
1291,e,21.jpeg,262,475,50
1292,e,21.jpeg,179,423,50
1293,e,21.jpeg,160,371,50
1294,e,21.jpeg,162,323,50
1295,f,23.jpeg,328,614,50
1296,f,23.jpeg,223,372,50
1297,f,23.jpeg,124,196,50
1298,f,23.jpeg,248,213,50
1299,f,23.jpeg,207,147,50
1300,f,23.jpeg,151,538,50
1301,f,23.jpeg,451,618,50
1302,f,23.jpeg,427,245,50
1303,f,23.jpeg,141,615,50
1304,f,23.jpeg,134,539,50
1305,f,23.jpeg,119,484,50
1306,f,23.jpeg,111,438,50
1307,f,23.jpeg,95,390,50
1308,f,23.jpeg,92,354,50
1309,f,23.jpeg,86,321,50
1310,f,23.jpeg,151,581,50
1311,f,23.jpeg,239,646,50
1312,f,23.jpeg,288,614,50
1313,f,23.jpeg,354,643,50
1314,f,23.jpeg,395,628,50
1315,f,23.jpeg,319,561,50
1316,f,23.jpeg,223,196,50
1317,f,23.jpeg,187,82,50
1318,f,23.jpeg,266,61,50
1319,f,23.jpeg,333,77,50
1320,f,23.jpeg,374,111,50
1321,f,23.jpeg,378,175,50
1322,f,23.jpeg,347,248,50
1323,f,23.jpeg,283,261,50
1324,f,23.jpeg,215,247,50
1325,f,23.jpeg,211,299,50
1326,f,23.jpeg,86,148,50
1327,f,23.jpeg,88,81,50
1328,f,23.jpeg,124,66,50
1329,f,23.jpeg,250,175,50
1330,f,23.jpeg,243,74,50
1331,f,23.jpeg,336,61,50
1332,f,23.jpeg,387,118,50
1333,f,23.jpeg,386,203,50
1334,f,23.jpeg,383,67,50
1335,f,23.jpeg,339,31,50
1336,f,23.jpeg,267,33,50
1337,f,23.jpeg,234,37,50
1338,f,23.jpeg,201,57,50
1339,f,23.jpeg,163,110,50
1340,f,23.jpeg,163,152,50
1341,f,23.jpeg,160,225,50
1342,f,23.jpeg,104,116,50
1343,f,23.jpeg,264,720,50
1344,f,23.jpeg,319,730,50
1345,f,23.jpeg,266,735,50
1346,f,23.jpeg,307,741,50
1347,f,23.jpeg,268,742,50
1348,f,23.jpeg,301,734,50
1349,f,23.jpeg,117,127,50
1350,f,23.jpeg,215,179,50
1351,f,23.jpeg,193,312,50
1352,f,23.jpeg,165,462,50
1353,f,23.jpeg,525,244,50
1354,f,23.jpeg,502,104,50
1355,f,39.jpeg,322,156,50
1356,f,39.jpeg,250,189,50
1357,f,39.jpeg,284,129,50
1358,f,39.jpeg,289,245,50
1359,f,39.jpeg,291,374,50
1360,f,39.jpeg,332,315,50
1361,f,39.jpeg,417,344,50
1362,f,39.jpeg,458,277,50
1363,f,39.jpeg,495,364,50
1364,f,39.jpeg,487,440,50
1365,f,39.jpeg,468,531,50
1366,f,39.jpeg,457,602,50
1367,f,39.jpeg,412,622,50
1368,f,39.jpeg,368,637,50
1369,f,39.jpeg,399,679,50
1370,f,39.jpeg,402,654,50
1371,f,39.jpeg,290,671,50
1372,f,39.jpeg,231,673,50
1373,f,39.jpeg,246,613,50
1374,f,39.jpeg,243,572,50
1375,f,39.jpeg,197,560,50
1376,f,39.jpeg,160,557,50
1377,f,39.jpeg,99,556,50
1378,f,39.jpeg,51,540,50
1379,f,39.jpeg,45,604,50
1380,f,39.jpeg,59,646,50
1381,f,39.jpeg,112,646,50
1382,f,39.jpeg,146,657,50
1383,f,39.jpeg,156,581,50
1384,f,39.jpeg,185,562,50
1385,f,39.jpeg,207,599,50
1386,f,39.jpeg,206,644,50
1387,f,39.jpeg,231,659,50
1388,f,39.jpeg,302,655,50
1389,f,39.jpeg,343,571,50
1390,f,39.jpeg,336,498,50
1391,f,39.jpeg,306,463,50
1392,f,39.jpeg,282,419,50
1393,f,39.jpeg,261,492,50
1394,f,39.jpeg,281,550,50
1395,f,39.jpeg,281,569,50
1396,f,39.jpeg,281,589,50
1397,f,39.jpeg,271,639,50
1398,f,39.jpeg,302,628,50
1399,f,39.jpeg,322,601,50
1400,f,39.jpeg,355,602,50
1401,f,39.jpeg,396,602,50
1402,f,39.jpeg,447,607,50
1403,f,39.jpeg,442,659,50
1404,f,39.jpeg,434,575,50
1405,f,39.jpeg,423,553,50
1406,f,39.jpeg,413,500,50
1407,f,39.jpeg,411,474,50
1408,f,39.jpeg,407,444,50
1409,f,39.jpeg,370,411,50
1410,f,39.jpeg,338,376,50
1411,f,39.jpeg,326,339,50
1412,f,39.jpeg,319,281,50
1413,f,39.jpeg,274,301,50
1414,f,39.jpeg,253,370,50
1415,f,39.jpeg,211,323,50
1416,f,39.jpeg,223,406,50
1417,f,39.jpeg,245,359,50
1418,f,39.jpeg,247,300,50
1419,f,39.jpeg,258,203,50
1420,f,39.jpeg,275,148,50
1421,f,39.jpeg,308,122,50
1422,f,39.jpeg,335,89,50
1423,f,39.jpeg,410,71,50
1424,f,39.jpeg,458,118,50
1425,f,39.jpeg,454,232,50
1426,f,39.jpeg,496,308,50
1427,f,39.jpeg,472,432,50
1428,f,39.jpeg,511,347,50
1429,f,39.jpeg,477,304,50
1430,f,39.jpeg,464,251,50
1431,f,39.jpeg,425,242,50
1432,f,39.jpeg,156,146,50
1433,f,39.jpeg,79,176,50
1434,f,39.jpeg,52,291,50
1435,f,39.jpeg,52,362,50
1436,f,39.jpeg,40,460,50
1437,f,39.jpeg,55,522,50
1438,f,39.jpeg,95,517,50
1439,f,39.jpeg,176,488,50
1440,f,39.jpeg,63,391,50
1441,f,39.jpeg,176,517,50
1442,f,39.jpeg,245,560,50
1443,f,39.jpeg,237,616,50
1444,f,39.jpeg,265,615,50
1445,f,39.jpeg,216,630,50
1446,f,39.jpeg,255,648,50
1447,f,39.jpeg,273,684,50
1448,f,39.jpeg,310,677,50
1449,f,39.jpeg,378,677,50
1450,f,39.jpeg,317,716,50
1451,f,39.jpeg,293,717,50
1452,f,39.jpeg,338,669,50
1453,f,39.jpeg,389,671,50
1454,f,39.jpeg,395,636,50
1455,f,39.jpeg,405,592,50
1456,f,39.jpeg,359,239,50
1457,f,39.jpeg,429,39,50
1458,f,39.jpeg,471,47,50
1459,f,39.jpeg,491,106,50
1460,f,39.jpeg,484,199,50
1461,f,39.jpeg,496,259,50
1462,f,39.jpeg,504,394,50
1463,f,39.jpeg,505,474,50
1464,f,39.jpeg,23,171,50
1465,f,39.jpeg,26,301,50
1466,f,39.jpeg,26,423,50
1467,f,39.jpeg,23,509,50
1468,f,39.jpeg,23,596,50
1469,f,39.jpeg,66,572,50
1470,f,9.jpeg,230,215,50
1471,f,9.jpeg,227,343,50
1472,f,9.jpeg,186,203,50
1473,f,9.jpeg,228,332,50
1474,f,9.jpeg,343,325,50
1475,f,9.jpeg,418,429,50
1476,f,9.jpeg,345,536,50
1477,f,9.jpeg,333,598,50
1478,f,9.jpeg,276,675,50
1479,f,9.jpeg,210,607,50
1480,f,9.jpeg,107,544,50
1481,f,9.jpeg,82,375,50
1482,f,21.jpeg,255,487,50
1483,f,21.jpeg,229,376,50
1484,f,21.jpeg,253,426,50
1485,f,21.jpeg,318,405,50
1486,f,21.jpeg,381,395,50
1487,f,21.jpeg,429,378,50
1488,f,21.jpeg,469,364,50
1489,f,21.jpeg,503,347,50
1490,f,21.jpeg,474,285,50
1491,f,21.jpeg,415,287,50
1492,f,21.jpeg,344,245,50
1493,f,21.jpeg,298,257,50
1494,f,21.jpeg,249,257,50
1495,f,21.jpeg,208,276,50
1496,f,21.jpeg,182,340,50
1497,f,21.jpeg,172,363,50
1498,f,21.jpeg,172,404,50
1499,f,21.jpeg,127,416,50
1500,f,21.jpeg,112,462,50
1501,f,21.jpeg,113,497,50
1502,f,21.jpeg,110,549,50
1503,f,21.jpeg,86,607,50
1504,f,21.jpeg,76,670,50
1505,f,21.jpeg,64,725,50
1506,f,21.jpeg,83,746,50
1507,f,21.jpeg,128,760,50
1508,f,21.jpeg,196,760,50
1509,f,21.jpeg,273,754,50
1510,f,21.jpeg,326,750,50
1511,f,21.jpeg,351,754,50
1512,f,21.jpeg,388,788,50
1513,f,21.jpeg,429,731,50
1514,f,21.jpeg,431,706,50
1515,f,21.jpeg,382,610,50
1516,f,21.jpeg,330,609,50
1517,f,21.jpeg,323,679,50
1518,f,21.jpeg,329,566,50
1519,f,21.jpeg,314,668,50
1520,f,21.jpeg,328,591,50
1521,f,21.jpeg,312,657,50
1522,f,21.jpeg,335,524,50
1523,f,21.jpeg,444,439,50
1524,f,21.jpeg,449,371,50
1525,f,21.jpeg,468,345,50
1526,f,21.jpeg,496,356,50
1527,f,21.jpeg,499,408,50
1528,f,21.jpeg,169,812,50
1529,f,21.jpeg,161,588,50
1530,f,21.jpeg,143,691,50
1531,f,21.jpeg,43,652,50
1532,f,21.jpeg,66,580,50
1533,f,21.jpeg,70,500,50
1534,f,21.jpeg,77,411,50
1535,f,21.jpeg,110,362,50
1536,f,21.jpeg,112,295,50
1537,f,21.jpeg,154,261,50
1538,f,21.jpeg,210,288,50
1539,f,21.jpeg,234,404,50
1540,f,21.jpeg,249,486,50
1541,f,21.jpeg,298,631,50
1542,f,21.jpeg,324,613,50
1543,f,21.jpeg,350,649,50
1544,f,21.jpeg,335,695,50
1545,f,21.jpeg,340,725,50
1546,f,21.jpeg,358,727,50
1547,f,21.jpeg,387,745,50
1548,f,21.jpeg,425,746,50
1549,f,21.jpeg,479,750,50
1550,f,21.jpeg,515,447,50
1551,f,21.jpeg,497,312,50
1552,g,23.jpeg,241,599,50
1553,g,23.jpeg,225,331,50
1554,g,23.jpeg,234,263,50
1555,g,23.jpeg,256,214,50
1556,g,23.jpeg,192,195,50
1557,g,23.jpeg,197,281,50
1558,g,23.jpeg,236,284,50
1559,g,23.jpeg,263,553,50
1560,g,23.jpeg,165,561,50
1561,g,23.jpeg,118,471,50
1562,g,23.jpeg,116,405,50
1563,g,23.jpeg,269,490,50
1564,g,23.jpeg,273,525,50
1565,g,23.jpeg,28,47,50
1566,g,23.jpeg,345,56,50
1567,g,23.jpeg,529,40,50
1568,g,23.jpeg,552,31,50
1569,g,23.jpeg,518,188,50
1570,g,23.jpeg,501,284,50
1571,g,23.jpeg,315,305,50
1572,g,23.jpeg,251,246,50
1573,g,23.jpeg,218,242,50
1574,g,23.jpeg,225,200,50
1575,g,23.jpeg,266,198,50
1576,g,23.jpeg,275,569,50
1577,g,23.jpeg,174,577,50
1578,g,23.jpeg,114,562,50
1579,g,23.jpeg,117,512,50
1580,g,23.jpeg,112,455,50
1581,g,23.jpeg,113,424,50
1582,g,23.jpeg,109,409,50
1583,g,23.jpeg,97,352,50
1584,g,23.jpeg,77,323,50
1585,g,23.jpeg,69,180,50
1586,g,23.jpeg,52,146,50
1587,g,23.jpeg,113,121,50
1588,g,23.jpeg,150,115,50
1589,g,23.jpeg,115,93,50
1590,g,23.jpeg,249,100,50
1591,g,23.jpeg,290,108,50
1592,g,23.jpeg,349,125,50
1593,g,23.jpeg,377,120,50
1594,g,23.jpeg,380,162,50
1595,g,23.jpeg,394,199,50
1596,g,23.jpeg,295,253,50
1597,g,23.jpeg,231,289,50
1598,g,23.jpeg,231,333,50
1599,g,23.jpeg,232,377,50
1600,g,23.jpeg,233,378,50
1601,g,23.jpeg,265,554,50
1602,g,23.jpeg,320,616,50
1603,g,23.jpeg,277,632,50
1604,g,23.jpeg,217,651,50
1605,g,23.jpeg,162,648,50
1606,g,23.jpeg,117,659,50
1607,g,23.jpeg,79,665,50
1608,g,23.jpeg,284,702,50
1609,g,23.jpeg,298,694,50
1610,g,23.jpeg,251,688,50
1611,g,23.jpeg,308,719,50
1612,g,23.jpeg,326,722,50
1613,g,23.jpeg,320,178,50
1614,g,23.jpeg,231,142,50
1615,g,23.jpeg,191,149,50
1616,g,23.jpeg,161,176,50
1617,g,23.jpeg,160,97,50
1618,g,23.jpeg,273,96,50
1619,g,23.jpeg,347,93,50
1620,g,23.jpeg,423,98,50
1621,g,23.jpeg,426,102,50
1622,g,23.jpeg,428,129,50
1623,g,23.jpeg,411,166,50
1624,g,23.jpeg,396,191,50
1625,g,23.jpeg,367,244,50
1626,g,23.jpeg,252,335,50
1627,g,23.jpeg,368,316,50
1628,g,23.jpeg,384,306,50
1629,g,23.jpeg,69,133,50
1630,g,23.jpeg,105,71,50
1631,g,23.jpeg,175,38,50
1632,g,23.jpeg,408,48,50
1633,g,23.jpeg,485,56,50
1634,g,23.jpeg,540,59,50
1635,g,23.jpeg,542,77,50
1636,g,23.jpeg,521,91,50
1637,g,23.jpeg,497,200,50
1638,g,23.jpeg,491,248,50
1639,g,39.jpeg,181,180,50
1640,g,39.jpeg,277,200,50
1641,g,39.jpeg,312,193,50
1642,g,39.jpeg,358,173,50
1643,g,39.jpeg,353,144,50
1644,g,39.jpeg,147,123,50
1645,g,39.jpeg,111,126,50
1646,g,39.jpeg,63,103,50
1647,g,39.jpeg,110,106,50
1648,g,39.jpeg,360,101,50
1649,g,39.jpeg,457,94,50
1650,g,39.jpeg,514,88,50
1651,g,39.jpeg,570,112,50
1652,g,39.jpeg,584,165,50
1653,g,39.jpeg,537,184,50
1654,g,39.jpeg,402,186,50
1655,g,39.jpeg,309,199,50
1656,g,39.jpeg,253,203,50
1657,g,39.jpeg,190,212,50
1658,g,39.jpeg,99,251,50
1659,g,39.jpeg,73,268,50
1660,g,39.jpeg,195,267,50
1661,g,39.jpeg,246,268,50
1662,g,39.jpeg,323,263,50
1663,g,39.jpeg,411,277,50
1664,g,39.jpeg,521,289,50
1665,g,39.jpeg,571,301,50
1666,g,39.jpeg,506,323,50
1667,g,39.jpeg,395,346,50
1668,g,39.jpeg,299,366,50
1669,g,39.jpeg,215,379,50
1670,g,39.jpeg,127,385,50
1671,g,39.jpeg,78,394,50
1672,g,39.jpeg,69,410,50
1673,g,39.jpeg,88,425,50
1674,g,39.jpeg,313,416,50
1675,g,39.jpeg,443,408,50
1676,g,39.jpeg,543,412,50
1677,g,39.jpeg,581,420,50
1678,g,39.jpeg,530,466,50
1679,g,39.jpeg,358,465,50
1680,g,39.jpeg,259,463,50
1681,g,39.jpeg,169,471,50
1682,g,39.jpeg,142,476,50
1683,g,39.jpeg,347,484,50
1684,g,39.jpeg,378,485,50
1685,g,39.jpeg,318,499,50
1686,g,39.jpeg,225,497,50
1687,g,39.jpeg,195,502,50
1688,g,39.jpeg,185,511,50
1689,g,39.jpeg,208,617,50
1690,g,39.jpeg,326,605,50
1691,g,39.jpeg,424,633,50
1692,g,39.jpeg,403,680,50
1693,g,9.jpeg,235,195,50
1694,g,9.jpeg,298,218,50
1695,g,9.jpeg,338,243,50
1696,g,9.jpeg,292,311,50
1697,g,9.jpeg,273,317,50
1698,g,9.jpeg,291,358,50
1699,g,9.jpeg,244,397,50
1700,g,9.jpeg,342,399,50
1701,g,9.jpeg,380,395,50
1702,g,9.jpeg,373,427,50
1703,g,9.jpeg,379,457,50
1704,g,9.jpeg,355,466,50
1705,g,9.jpeg,252,572,50
1706,g,9.jpeg,264,557,50
1707,g,9.jpeg,195,539,50
1708,g,9.jpeg,232,502,50
1709,g,9.jpeg,263,506,50
1710,g,9.jpeg,270,528,50
1711,g,9.jpeg,215,500,50
1712,g,9.jpeg,199,493,50
1713,g,9.jpeg,175,502,50
1714,g,9.jpeg,169,520,50
1715,g,9.jpeg,312,686,50
1716,g,9.jpeg,339,715,50
1717,g,9.jpeg,339,715,50
1718,g,21.jpeg,259,461,50
1719,g,21.jpeg,258,429,50
1720,g,21.jpeg,237,401,50
1721,g,21.jpeg,229,390,50
1722,g,21.jpeg,157,340,50
1723,g,21.jpeg,151,332,50
1724,g,21.jpeg,106,312,50
1725,g,21.jpeg,111,273,50
1726,g,21.jpeg,152,232,50
1727,g,21.jpeg,217,212,50
1728,g,21.jpeg,278,209,50
1729,g,21.jpeg,320,240,50
1730,g,21.jpeg,360,277,50
1731,g,21.jpeg,376,301,50
1732,g,21.jpeg,435,349,50
1733,g,21.jpeg,457,351,50
1734,g,21.jpeg,493,333,50
1735,g,21.jpeg,513,364,50
1736,g,21.jpeg,464,411,50
1737,g,21.jpeg,372,424,50
1738,g,21.jpeg,312,436,50
1739,g,21.jpeg,294,450,50
1740,g,21.jpeg,311,463,50
1741,g,21.jpeg,281,491,50
1742,g,21.jpeg,236,502,50
1743,g,21.jpeg,229,522,50
1744,g,21.jpeg,212,530,50
1745,g,21.jpeg,193,573,50
1746,g,21.jpeg,201,605,50
1747,g,21.jpeg,193,634,50
1748,g,21.jpeg,180,644,50
1749,g,21.jpeg,235,662,50
1750,g,21.jpeg,295,657,50
1751,g,21.jpeg,341,661,50
1752,g,21.jpeg,341,664,50
1753,g,21.jpeg,439,659,50
1754,g,21.jpeg,443,598,50
1755,g,21.jpeg,381,602,50
1756,g,21.jpeg,344,559,50
1757,g,21.jpeg,347,527,50
1758,g,21.jpeg,351,477,50
1759,g,21.jpeg,357,419,50
1760,g,21.jpeg,358,344,50
1761,g,21.jpeg,334,303,50
1762,g,21.jpeg,277,261,50
1763,g,21.jpeg,315,231,50
1764,g,21.jpeg,309,188,50
1765,g,21.jpeg,233,133,50
1766,g,21.jpeg,213,105,50
1767,g,21.jpeg,187,89,50
1768,g,21.jpeg,156,79,50
1769,g,21.jpeg,107,159,50
1770,g,21.jpeg,102,184,50
1771,g,21.jpeg,85,218,50
1772,g,21.jpeg,99,273,50
1773,g,21.jpeg,96,308,50
1774,g,21.jpeg,181,355,50
1775,g,21.jpeg,175,364,50
1776,g,21.jpeg,126,400,50
1777,g,21.jpeg,52,482,50
1778,g,21.jpeg,94,481,50
1779,g,21.jpeg,168,493,50
1780,g,21.jpeg,237,496,50
1781,g,21.jpeg,342,695,50
1782,g,21.jpeg,243,525,50
1783,g,21.jpeg,236,547,50
1784,g,21.jpeg,165,519,50
1785,g,21.jpeg,154,568,50
1786,g,21.jpeg,144,590,50
1787,g,21.jpeg,116,633,50
1788,g,21.jpeg,110,655,50
1789,g,21.jpeg,157,671,50
1790,g,21.jpeg,148,710,50
1791,g,21.jpeg,112,752,50
1792,g,21.jpeg,92,786,50
1793,g,21.jpeg,12,791,50
1794,g,21.jpeg,44,802,50
1795,g,21.jpeg,160,799,50
1796,g,21.jpeg,209,782,50
1797,g,21.jpeg,283,766,50
1798,g,21.jpeg,332,743,50
1799,g,21.jpeg,340,735,50
1800,g,21.jpeg,368,730,50
1801,g,21.jpeg,388,708,50
1802,g,21.jpeg,388,673,50
1803,g,21.jpeg,408,653,50
1804,g,21.jpeg,366,633,50
1805,g,21.jpeg,318,610,50
1806,g,21.jpeg,285,603,50
1807,g,21.jpeg,283,549,50
1808,g,21.jpeg,291,531,50
1809,g,21.jpeg,293,509,50
1810,g,21.jpeg,277,460,50
1811,g,21.jpeg,273,425,50
1812,g,21.jpeg,358,407,50
1813,g,21.jpeg,430,409,50
1814,g,21.jpeg,479,408,50
1815,g,21.jpeg,491,417,50
1816,g,21.jpeg,509,445,50
1817,g,21.jpeg,520,362,50
1818,g,21.jpeg,485,447,50
1819,g,21.jpeg,480,627,50
1820,g,21.jpeg,464,671,50
1821,g,21.jpeg,434,727,50
1822,h,23.jpeg,40,41,50
1823,h,23.jpeg,140,90,50
1824,h,23.jpeg,237,127,50
1825,h,23.jpeg,275,258,50
1826,h,23.jpeg,228,327,50
1827,h,23.jpeg,264,383,50
1828,h,23.jpeg,306,551,50
1829,h,23.jpeg,306,604,50
1830,h,23.jpeg,194,599,50
1831,h,23.jpeg,158,653,50
1832,h,23.jpeg,148,548,50
1833,h,23.jpeg,124,441,50
1834,h,23.jpeg,123,323,50
1835,h,23.jpeg,88,270,50
1836,h,23.jpeg,83,194,50
1837,h,23.jpeg,103,68,50
1838,h,23.jpeg,141,82,50
1839,h,23.jpeg,94,99,50
1840,h,23.jpeg,126,80,50
1841,h,23.jpeg,109,115,50
1842,h,23.jpeg,126,82,50
1843,h,23.jpeg,124,72,50
1844,h,23.jpeg,92,107,50
1845,h,23.jpeg,115,64,50
1846,h,23.jpeg,138,77,50
1847,h,23.jpeg,99,114,50
1848,h,23.jpeg,462,203,50
1849,h,23.jpeg,526,120,50
1850,h,23.jpeg,549,220,50
1851,h,23.jpeg,567,312,50
1852,h,23.jpeg,491,173,50
1853,h,23.jpeg,498,49,50
1854,h,23.jpeg,423,68,50
1855,h,23.jpeg,301,93,50
1856,h,23.jpeg,320,48,50
1857,h,23.jpeg,236,51,50
1858,h,23.jpeg,186,109,50
1859,h,23.jpeg,169,214,50
1860,h,23.jpeg,362,218,50
1861,h,39.jpeg,319,262,50
1862,h,39.jpeg,344,135,50
1863,h,39.jpeg,329,79,50
1864,h,39.jpeg,299,106,50
1865,h,39.jpeg,271,241,50
1866,h,39.jpeg,243,279,50
1867,h,39.jpeg,235,440,50
1868,h,39.jpeg,277,341,50
1869,h,39.jpeg,368,395,50
1870,h,39.jpeg,496,337,50
1871,h,39.jpeg,562,298,50
1872,h,39.jpeg,567,385,50
1873,h,39.jpeg,580,214,50
1874,h,39.jpeg,548,108,50
1875,h,39.jpeg,564,189,50
1876,h,39.jpeg,554,60,50
1877,h,39.jpeg,488,26,50
1878,h,39.jpeg,491,110,50
1879,h,39.jpeg,432,69,50
1880,h,39.jpeg,376,88,50
1881,h,39.jpeg,385,36,50
1882,h,39.jpeg,239,103,50
1883,h,39.jpeg,222,61,50
1884,h,39.jpeg,169,98,50
1885,h,39.jpeg,99,174,50
1886,h,39.jpeg,101,66,50
1887,h,39.jpeg,37,128,50
1888,h,39.jpeg,82,53,50
1889,h,39.jpeg,83,219,50
1890,h,39.jpeg,61,288,50
1891,h,39.jpeg,194,343,50
1892,h,39.jpeg,318,275,50
1893,h,39.jpeg,318,175,50
1894,h,39.jpeg,309,85,50
1895,h,39.jpeg,208,329,50
1896,h,39.jpeg,149,369,50
1897,h,39.jpeg,95,297,50
1898,h,39.jpeg,73,403,50
1899,h,39.jpeg,97,557,50
1900,h,39.jpeg,246,608,50
1901,h,39.jpeg,330,661,50
1902,h,39.jpeg,441,724,50
1903,h,39.jpeg,534,650,50
1904,h,39.jpeg,466,578,50
1905,h,39.jpeg,532,613,50
1906,h,39.jpeg,530,673,50
1907,h,39.jpeg,461,623,50
1908,h,39.jpeg,412,667,50
1909,h,39.jpeg,370,610,50
1910,h,39.jpeg,383,528,50
1911,h,39.jpeg,322,447,50
1912,h,39.jpeg,319,378,50
1913,h,39.jpeg,348,283,50
1914,h,39.jpeg,237,314,50
1915,h,39.jpeg,266,406,50
1916,h,39.jpeg,247,325,50
1917,h,39.jpeg,155,369,50
1918,h,39.jpeg,144,303,50
1919,h,39.jpeg,134,226,50
1920,h,39.jpeg,321,252,50
1921,h,39.jpeg,453,277,50
1922,h,39.jpeg,513,331,50
1923,h,39.jpeg,484,416,50
1924,h,9.jpeg,408,395,50
1925,h,9.jpeg,261,408,50
1926,h,9.jpeg,320,246,50
1927,h,9.jpeg,341,115,50
1928,h,9.jpeg,182,385,50
1929,h,9.jpeg,266,609,50
1930,h,9.jpeg,210,509,50
1931,h,9.jpeg,379,609,50
1932,h,9.jpeg,487,639,50
1933,h,9.jpeg,561,525,50
1934,h,9.jpeg,583,462,50
1935,h,9.jpeg,555,325,50
1936,h,9.jpeg,572,227,50
1937,h,9.jpeg,573,152,50
1938,h,9.jpeg,558,28,50
1939,h,9.jpeg,136,31,50
1940,h,9.jpeg,39,9,50
1941,h,9.jpeg,97,167,50
1942,h,9.jpeg,50,249,50
1943,h,9.jpeg,49,424,50
1944,h,9.jpeg,23,611,50
1945,h,9.jpeg,9,724,50
1946,h,9.jpeg,206,528,50
1947,h,9.jpeg,333,668,50
1948,h,9.jpeg,354,497,50
1949,h,9.jpeg,396,407,50
1950,h,9.jpeg,335,292,50
1951,h,9.jpeg,186,359,50
1952,h,9.jpeg,227,369,50
1953,h,21.jpeg,169,427,50
1954,h,21.jpeg,197,624,50
1955,h,21.jpeg,173,541,50
1956,h,21.jpeg,399,543,50
1957,h,21.jpeg,477,358,50
1958,h,21.jpeg,489,486,50
1959,h,21.jpeg,496,378,50
1960,h,21.jpeg,405,312,50
1961,h,21.jpeg,356,201,50
1962,h,21.jpeg,208,164,50
1963,h,21.jpeg,276,213,50
1964,h,21.jpeg,235,227,50
1965,h,21.jpeg,307,351,50
1966,h,21.jpeg,290,461,50
1967,h,21.jpeg,399,585,50
1968,h,21.jpeg,420,720,50
1969,h,21.jpeg,339,618,50
1970,h,21.jpeg,297,684,50
1971,h,21.jpeg,354,825,50
1972,h,21.jpeg,350,633,50
1973,h,21.jpeg,314,576,50
1974,h,21.jpeg,512,539,50
1975,h,21.jpeg,505,366,50
1976,h,21.jpeg,462,355,50
1977,h,21.jpeg,467,321,50
1978,h,21.jpeg,185,435,50
1979,h,21.jpeg,138,364,50
1980,h,21.jpeg,266,298,50
1981,h,21.jpeg,268,184,50
1982,h,21.jpeg,172,248,50
1983,h,21.jpeg,231,200,50
1984,h,21.jpeg,226,149,50
1985,h,21.jpeg,335,296,50
1986,h,21.jpeg,409,329,50
1987,h,21.jpeg,534,331,50
1988,h,21.jpeg,403,345,50
1989,h,21.jpeg,410,426,50
1990,h,21.jpeg,462,395,50
1991,h,21.jpeg,321,445,50
1992,h,21.jpeg,330,524,50
1993,h,21.jpeg,218,461,50
1994,h,21.jpeg,180,422,50
1995,h,21.jpeg,112,344,50
1996,h,21.jpeg,95,473,50
1997,h,21.jpeg,168,584,50
1998,i,23.jpeg,192,291,50
1999,i,23.jpeg,179,204,50
2000,i,23.jpeg,69,169,50
2001,i,23.jpeg,184,273,50
2002,i,23.jpeg,360,673,50
2003,i,23.jpeg,312,617,50
2004,i,23.jpeg,226,98,50
2005,i,23.jpeg,156,68,50
2006,i,23.jpeg,193,39,50
2007,i,23.jpeg,262,107,50
2008,i,23.jpeg,318,195,50
2009,i,23.jpeg,230,216,50
2010,i,23.jpeg,192,166,50
2011,i,23.jpeg,251,198,50
2012,i,23.jpeg,208,308,50
2013,i,23.jpeg,201,245,50
2014,i,23.jpeg,168,150,50
2015,i,23.jpeg,212,218,50
2016,i,23.jpeg,86,110,50
2017,i,23.jpeg,112,54,50
2018,i,23.jpeg,45,111,50
2019,i,23.jpeg,389,189,50
2020,i,23.jpeg,413,227,50
2021,i,23.jpeg,533,269,50
2022,i,23.jpeg,459,129,50
2023,i,23.jpeg,483,248,50
2024,i,23.jpeg,452,109,50
2025,i,23.jpeg,412,26,50
2026,i,23.jpeg,300,86,50
2027,i,23.jpeg,291,209,50
2028,i,23.jpeg,359,179,50
2029,i,23.jpeg,348,92,50
2030,i,39.jpeg,130,603,50
2031,i,39.jpeg,116,483,50
2032,i,39.jpeg,109,589,50
2033,i,39.jpeg,62,630,50
2034,i,39.jpeg,68,531,50
2035,i,39.jpeg,146,434,50
2036,i,39.jpeg,200,527,50
2037,i,39.jpeg,197,658,50
2038,i,39.jpeg,132,583,50
2039,i,39.jpeg,52,688,50
2040,i,39.jpeg,69,591,50
2041,i,39.jpeg,230,484,50
2042,i,39.jpeg,275,568,50
2043,i,39.jpeg,132,589,50
2044,i,39.jpeg,115,443,50
2045,i,39.jpeg,28,433,50
2046,i,39.jpeg,55,413,50
2047,i,39.jpeg,168,430,50
2048,i,39.jpeg,109,354,50
2049,i,39.jpeg,205,380,50
2050,i,39.jpeg,256,339,50
2051,i,39.jpeg,248,284,50
2052,i,39.jpeg,144,288,50
2053,i,39.jpeg,296,295,50
2054,i,39.jpeg,291,410,50
2055,i,39.jpeg,283,460,50
2056,i,39.jpeg,198,517,50
2057,i,39.jpeg,170,664,50
2058,i,39.jpeg,56,673,50
2059,i,9.jpeg,190,516,50
2060,i,9.jpeg,196,593,50
2061,i,9.jpeg,297,447,50
2062,i,21.jpeg,71,798,50
2063,i,21.jpeg,88,647,50
2064,i,21.jpeg,308,596,50
2065,i,21.jpeg,307,703,50
2066,i,21.jpeg,293,566,50
2067,i,21.jpeg,290,623,50
2068,i,21.jpeg,287,492,50
2069,i,21.jpeg,130,397,50
2070,i,21.jpeg,119,272,50
2071,i,21.jpeg,238,218,50
2072,i,21.jpeg,321,295,50
2073,i,21.jpeg,337,382,50
2074,i,21.jpeg,314,667,50
2075,i,21.jpeg,281,727,50
2076,i,21.jpeg,342,796,50
2077,i,21.jpeg,323,681,50
2078,i,21.jpeg,403,532,50
2079,i,21.jpeg,340,414,50
2080,i,21.jpeg,314,301,50
2081,i,21.jpeg,129,316,50
2082,i,21.jpeg,135,425,50
2083,i,21.jpeg,177,632,50
2084,i,21.jpeg,81,594,50
2085,i,21.jpeg,78,685,50
2086,j,23.jpeg,360,484,50
2087,j,23.jpeg,263,269,50
2088,j,23.jpeg,248,173,50
2089,j,23.jpeg,190,213,50
2090,j,23.jpeg,214,289,50
2091,j,23.jpeg,278,279,50
2092,j,23.jpeg,180,393,50
2093,j,23.jpeg,280,485,50
2094,j,23.jpeg,241,578,50
2095,j,23.jpeg,194,656,50
2096,j,23.jpeg,135,670,50
2097,j,23.jpeg,108,661,50
2098,j,23.jpeg,262,630,50
2099,j,23.jpeg,364,690,50
2100,j,23.jpeg,370,706,50
2101,j,23.jpeg,128,66,50
2102,j,23.jpeg,81,109,50
2103,j,23.jpeg,33,137,50
2104,j,23.jpeg,159,195,50
2105,j,23.jpeg,233,280,50
2106,j,23.jpeg,226,333,50
2107,j,23.jpeg,194,64,50
2108,j,23.jpeg,233,50,50
2109,j,23.jpeg,330,66,50
2110,j,23.jpeg,380,176,50
2111,j,23.jpeg,354,259,50
2112,j,23.jpeg,168,208,50
2113,j,23.jpeg,170,177,50
2114,j,23.jpeg,176,109,50
2115,j,23.jpeg,202,66,50
2116,j,23.jpeg,293,56,50
2117,j,23.jpeg,373,58,50
2118,j,23.jpeg,410,67,50
2119,j,23.jpeg,413,124,50
2120,j,23.jpeg,389,182,50
2121,j,23.jpeg,382,253,50
2122,j,23.jpeg,363,258,50
2123,j,23.jpeg,276,613,50
2124,j,23.jpeg,315,640,50
2125,j,23.jpeg,324,617,50
2126,j,39.jpeg,293,172,50
2127,j,39.jpeg,258,190,50
2128,j,39.jpeg,294,222,50
2129,j,39.jpeg,351,149,50
2130,j,39.jpeg,302,117,50
2131,j,39.jpeg,298,213,50
2132,j,39.jpeg,311,300,50
2133,j,39.jpeg,265,329,50
2134,j,39.jpeg,253,397,50
2135,j,39.jpeg,209,405,50
2136,j,39.jpeg,237,294,50
2137,j,39.jpeg,275,207,50
2138,j,39.jpeg,297,137,50
2139,j,39.jpeg,319,90,50
2140,j,39.jpeg,333,34,50
2141,j,39.jpeg,347,105,50
2142,j,39.jpeg,316,186,50
2143,j,39.jpeg,342,259,50
2144,j,39.jpeg,364,331,50
2145,j,39.jpeg,395,391,50
2146,j,39.jpeg,441,388,50
2147,j,39.jpeg,328,392,50
2148,j,39.jpeg,390,418,50
2149,j,39.jpeg,266,396,50
2150,j,39.jpeg,225,383,50
2151,j,39.jpeg,244,300,50
2152,j,39.jpeg,285,253,50
2153,j,39.jpeg,324,291,50
2154,j,39.jpeg,147,387,50
2155,j,39.jpeg,185,210,50
2156,j,39.jpeg,138,184,50
2157,j,39.jpeg,113,221,50
2158,j,39.jpeg,109,291,50
2159,j,39.jpeg,123,398,50
2160,j,39.jpeg,109,440,50
2161,j,39.jpeg,120,501,50
2162,j,39.jpeg,126,564,50
2163,j,39.jpeg,144,589,50
2164,j,39.jpeg,147,612,50
2165,j,39.jpeg,114,669,50
2166,j,39.jpeg,178,689,50
2167,j,39.jpeg,261,676,50
2168,j,39.jpeg,322,665,50
2169,j,39.jpeg,388,660,50
2170,j,9.jpeg,241,343,50
2171,j,9.jpeg,231,324,50
2172,j,9.jpeg,315,269,50
2173,j,9.jpeg,293,351,50
2174,j,9.jpeg,324,451,50
2175,j,9.jpeg,354,332,50
2176,j,9.jpeg,365,461,50
2177,j,9.jpeg,218,503,50
2178,j,9.jpeg,186,585,50
2179,j,21.jpeg,189,369,50
2180,j,21.jpeg,141,355,50
2181,j,21.jpeg,141,427,50
2182,j,21.jpeg,126,488,50
2183,j,21.jpeg,123,551,50
2184,j,21.jpeg,144,608,50
2185,j,21.jpeg,206,620,50
2186,j,21.jpeg,282,670,50
2187,j,21.jpeg,327,720,50
2188,j,21.jpeg,132,723,50
2189,j,21.jpeg,96,753,50
2190,j,21.jpeg,83,809,50
2191,j,21.jpeg,58,831,50
2192,j,21.jpeg,129,769,50
2193,j,21.jpeg,122,699,50
2194,j,21.jpeg,128,650,50
2195,j,21.jpeg,113,693,50
2196,j,21.jpeg,77,636,50
2197,j,21.jpeg,92,569,50
2198,j,21.jpeg,119,514,50
2199,j,21.jpeg,60,599,50
2200,j,21.jpeg,57,620,50
2201,j,21.jpeg,146,629,50
2202,j,21.jpeg,176,651,50
2203,j,21.jpeg,150,692,50
2204,j,21.jpeg,133,734,50
2205,j,21.jpeg,133,755,50
2206,j,21.jpeg,116,788,50
2207,j,21.jpeg,86,804,50
2208,j,21.jpeg,67,814,50
2209,j,21.jpeg,126,764,50
2210,j,21.jpeg,152,719,50
2211,j,21.jpeg,153,657,50
2212,j,21.jpeg,129,620,50
2213,j,21.jpeg,96,685,50
2214,j,21.jpeg,125,594,50
2215,j,21.jpeg,165,549,50
2216,j,21.jpeg,195,504,50
2217,j,21.jpeg,234,463,50
2218,j,21.jpeg,265,445,50
2219,j,21.jpeg,177,453,50
2220,j,21.jpeg,152,466,50
2221,j,21.jpeg,119,476,50
2222,j,21.jpeg,97,525,50
2223,j,21.jpeg,90,563,50
2224,j,21.jpeg,103,624,50
2225,j,21.jpeg,142,649,50
2226,j,21.jpeg,310,635,50
2227,j,21.jpeg,246,147,50
2228,j,21.jpeg,221,85,50
2229,j,21.jpeg,218,141,50
2230,j,21.jpeg,172,222,50
2231,j,21.jpeg,237,284,50
2232,j,21.jpeg,301,310,50
2233,j,21.jpeg,284,170,50
2234,j,21.jpeg,324,126,50
2235,k,23.jpeg,282,546,50
2236,k,23.jpeg,343,566,50
2237,k,23.jpeg,397,606,50
2238,k,23.jpeg,235,548,50
2239,k,23.jpeg,262,309,50
2240,k,23.jpeg,235,135,50
2241,k,23.jpeg,218,232,50
2242,k,23.jpeg,269,204,50
2243,k,23.jpeg,186,190,50
2244,k,23.jpeg,145,73,50
2245,k,23.jpeg,292,62,50
2246,k,23.jpeg,388,75,50
2247,k,23.jpeg,394,167,50
2248,k,23.jpeg,198,624,50
2249,k,23.jpeg,320,744,50
2250,k,23.jpeg,272,725,50
2251,k,23.jpeg,342,748,50
2252,k,23.jpeg,252,730,50
2253,k,23.jpeg,323,592,50
2254,k,23.jpeg,426,653,50
2255,k,39.jpeg,206,170,50
2256,k,39.jpeg,254,205,50
2257,k,39.jpeg,293,194,50
2258,k,39.jpeg,341,194,50
2259,k,39.jpeg,372,254,50
2260,k,39.jpeg,381,296,50
2261,k,39.jpeg,386,330,50
2262,k,39.jpeg,402,410,50
2263,k,39.jpeg,415,465,50
2264,k,39.jpeg,428,493,50
2265,k,39.jpeg,352,558,50
2266,k,39.jpeg,115,298,50
2267,k,39.jpeg,152,262,50
2268,k,39.jpeg,75,258,50
2269,k,39.jpeg,95,310,50
2270,k,39.jpeg,67,350,50
2271,k,39.jpeg,108,405,50
2272,k,39.jpeg,101,440,50
2273,k,39.jpeg,190,461,50
2274,k,39.jpeg,254,520,50
2275,k,39.jpeg,195,521,50
2276,k,39.jpeg,220,581,50
2277,k,39.jpeg,299,618,50
2278,k,39.jpeg,361,641,50
2279,k,39.jpeg,361,641,50
2280,k,39.jpeg,427,701,50
2281,k,39.jpeg,496,699,50
2282,k,39.jpeg,489,554,50
2283,k,39.jpeg,489,420,50
2284,k,39.jpeg,512,356,50
2285,k,39.jpeg,591,297,50
2286,k,39.jpeg,597,336,50
2287,k,39.jpeg,594,369,50
2288,k,39.jpeg,401,308,50
2289,k,39.jpeg,425,322,50
2290,k,39.jpeg,432,361,50
2291,k,39.jpeg,505,419,50
2292,k,39.jpeg,463,365,50
2293,k,39.jpeg,445,343,50
2294,k,39.jpeg,431,313,50
2295,k,39.jpeg,463,304,50
2296,k,39.jpeg,433,260,50
2297,k,39.jpeg,471,233,50
2298,k,39.jpeg,360,173,50
2299,k,39.jpeg,381,149,50
2300,k,39.jpeg,322,148,50
2301,k,39.jpeg,322,199,50
2302,k,39.jpeg,382,205,50
2303,k,39.jpeg,368,243,50
2304,k,39.jpeg,339,261,50
2305,k,39.jpeg,283,266,50
2306,k,39.jpeg,316,370,50
2307,k,39.jpeg,195,394,50
2308,k,39.jpeg,252,391,50
2309,k,39.jpeg,249,350,50
2310,k,39.jpeg,257,275,50
2311,k,39.jpeg,265,342,50
2312,k,39.jpeg,310,465,50
2313,k,9.jpeg,308,385,50
2314,k,9.jpeg,363,384,50
2315,k,9.jpeg,359,355,50
2316,k,9.jpeg,240,355,50
2317,k,9.jpeg,180,337,50
2318,k,9.jpeg,200,302,50
2319,k,9.jpeg,268,259,50
2320,k,9.jpeg,571,538,50
2321,k,9.jpeg,427,540,50
2322,k,9.jpeg,404,627,50
2323,k,9.jpeg,346,675,50
2324,k,9.jpeg,327,734,50
2325,k,21.jpeg,279,507,50
2326,k,21.jpeg,227,481,50
2327,k,21.jpeg,184,462,50
2328,k,21.jpeg,242,413,50
2329,k,21.jpeg,202,394,50
2330,k,21.jpeg,156,390,50
2331,k,21.jpeg,117,413,50
2332,k,21.jpeg,116,450,50
2333,k,21.jpeg,112,493,50
2334,k,21.jpeg,81,509,50
2335,k,21.jpeg,70,568,50
2336,k,21.jpeg,92,586,50
2337,k,21.jpeg,58,581,50
2338,k,21.jpeg,36,548,50
2339,k,21.jpeg,254,468,50
2340,k,21.jpeg,443,411,50
2341,k,21.jpeg,445,316,50
2342,k,21.jpeg,471,347,50
2343,k,21.jpeg,534,353,50
2344,k,21.jpeg,570,373,50
2345,k,21.jpeg,542,402,50
2346,k,21.jpeg,435,331,50
2347,k,21.jpeg,366,315,50
2348,k,21.jpeg,351,280,50
2349,k,21.jpeg,336,222,50
2350,k,21.jpeg,311,175,50
2351,k,21.jpeg,314,84,50
2352,k,21.jpeg,236,95,50
2353,k,21.jpeg,191,35,50
2354,k,21.jpeg,180,102,50
2355,k,21.jpeg,89,159,50
2356,k,21.jpeg,273,166,50
2357,k,21.jpeg,268,230,50
2358,k,21.jpeg,137,239,50
2359,k,21.jpeg,198,281,50
2360,l,23.jpeg,48,598,50
2361,l,23.jpeg,34,475,50
2362,l,23.jpeg,61,386,50
2363,l,23.jpeg,53,237,50
2364,l,23.jpeg,121,261,50
2365,l,39.jpeg,82,619,50
2366,l,39.jpeg,104,664,50
2367,l,39.jpeg,235,708,50
2368,l,39.jpeg,325,684,50
2369,l,39.jpeg,337,634,50
2370,l,39.jpeg,221,598,50
2371,l,39.jpeg,177,576,50
2372,l,39.jpeg,77,517,50
2373,l,39.jpeg,131,521,50
2374,l,39.jpeg,185,556,50
2375,l,39.jpeg,225,641,50
2376,l,39.jpeg,229,559,50
2377,l,39.jpeg,232,488,50
2378,l,39.jpeg,230,396,50
2379,l,39.jpeg,183,370,50
2380,l,39.jpeg,130,382,50
2381,l,39.jpeg,79,391,50
2382,l,39.jpeg,58,391,50
2383,l,39.jpeg,28,400,50
2384,l,39.jpeg,27,458,50
2385,l,39.jpeg,35,524,50
2386,l,39.jpeg,41,596,50
2387,l,39.jpeg,50,645,50
2388,l,39.jpeg,57,693,50
2389,l,39.jpeg,88,723,50
2390,l,39.jpeg,136,734,50
2391,l,39.jpeg,184,723,50
2392,l,39.jpeg,229,724,50
2393,l,39.jpeg,257,721,50
2394,l,39.jpeg,281,717,50
2395,l,39.jpeg,315,704,50
2396,l,39.jpeg,329,709,50
2397,l,39.jpeg,226,617,50
2398,l,39.jpeg,220,610,50
2399,l,39.jpeg,180,565,50
2400,l,39.jpeg,160,543,50
2401,l,39.jpeg,88,679,50
2402,l,39.jpeg,22,523,50
2403,l,39.jpeg,32,672,50
2404,l,39.jpeg,13,711,50
2405,l,39.jpeg,26,733,50
2406,l,39.jpeg,80,722,50
2407,l,39.jpeg,115,735,50
2408,l,39.jpeg,58,733,50
2409,l,39.jpeg,128,731,50
2410,l,39.jpeg,186,719,50
2411,l,39.jpeg,238,722,50
2412,l,39.jpeg,287,714,50
2413,l,39.jpeg,329,710,50
2414,l,39.jpeg,336,666,50
2415,l,39.jpeg,349,609,50
2416,l,39.jpeg,347,584,50
2417,l,39.jpeg,299,541,50
2418,l,39.jpeg,274,510,50
2419,l,39.jpeg,260,475,50
2420,l,39.jpeg,229,426,50
2421,l,39.jpeg,210,408,50
2422,l,39.jpeg,258,365,50
2423,l,39.jpeg,189,363,50
2424,l,39.jpeg,126,375,50
2425,l,39.jpeg,68,371,50
2426,l,39.jpeg,226,468,50
2427,l,39.jpeg,260,544,50
2428,l,39.jpeg,292,617,50
2429,l,39.jpeg,310,507,50
2430,l,39.jpeg,259,522,50
2431,l,39.jpeg,202,544,50
2432,l,39.jpeg,153,582,50
2433,l,39.jpeg,88,594,50
2434,l,39.jpeg,34,602,50
2435,l,9.jpeg,77,632,50
2436,l,9.jpeg,90,641,50
2437,l,9.jpeg,127,712,50
2438,l,9.jpeg,171,672,50
2439,l,9.jpeg,194,565,50
2440,l,9.jpeg,225,495,50
2441,l,9.jpeg,241,476,50
2442,l,9.jpeg,269,558,50
2443,l,9.jpeg,291,624,50
2444,l,9.jpeg,294,699,50
2445,l,9.jpeg,289,770,50
2446,l,9.jpeg,89,613,50
2447,l,9.jpeg,54,552,50
2448,l,9.jpeg,44,492,50
2449,l,9.jpeg,199,522,50
2450,l,9.jpeg,269,492,50
2451,l,9.jpeg,272,466,50
2452,l,9.jpeg,283,546,50
2453,l,9.jpeg,292,622,50
2454,l,9.jpeg,300,615,50
2455,l,9.jpeg,213,521,50
2456,l,9.jpeg,238,481,50
2457,l,9.jpeg,234,380,50
2458,l,9.jpeg,329,334,50
2459,l,9.jpeg,349,428,50
2460,l,9.jpeg,346,516,50
2461,l,9.jpeg,304,583,50
2462,l,9.jpeg,272,618,50
2463,l,9.jpeg,204,606,50
2464,l,9.jpeg,192,542,50
2465,l,21.jpeg,59,724,50
2466,l,21.jpeg,100,834,50
2467,l,21.jpeg,102,836,50
2468,l,21.jpeg,130,823,50
2469,l,21.jpeg,224,828,50
2470,l,21.jpeg,295,825,50
2471,l,21.jpeg,273,759,50
2472,l,21.jpeg,283,717,50
2473,l,21.jpeg,270,676,50
2474,l,21.jpeg,211,636,50
2475,l,21.jpeg,163,616,50
2476,l,21.jpeg,122,604,50
2477,l,21.jpeg,88,636,50
2478,l,21.jpeg,61,655,50
2479,l,21.jpeg,54,612,50
2480,l,21.jpeg,57,595,50
2481,l,21.jpeg,72,564,50
2482,l,21.jpeg,58,515,50
2483,l,21.jpeg,73,491,50
2484,l,21.jpeg,131,492,50
2485,l,21.jpeg,144,462,50
2486,l,21.jpeg,173,464,50
2487,l,21.jpeg,184,448,50
2488,l,21.jpeg,196,439,50
2489,l,21.jpeg,176,412,50
2490,l,21.jpeg,131,393,50
2491,l,21.jpeg,84,376,50
2492,l,21.jpeg,39,359,50
2493,l,21.jpeg,215,433,50
2494,l,21.jpeg,233,456,50
2495,l,21.jpeg,262,495,50
2496,l,21.jpeg,290,551,50
2497,l,21.jpeg,292,536,50
2498,l,21.jpeg,337,522,50
2499,l,21.jpeg,294,509,50
2500,l,21.jpeg,290,562,50
2501,l,21.jpeg,273,670,50
2502,l,21.jpeg,224,735,50
2503,l,21.jpeg,201,764,50
2504,l,21.jpeg,138,761,50
2505,l,21.jpeg,108,775,50
2506,l,21.jpeg,156,531,50
2507,l,21.jpeg,151,487,50
2508,l,21.jpeg,160,402,50
2509,l,21.jpeg,187,437,50
2510,l,21.jpeg,199,500,50
2511,l,21.jpeg,172,586,50
2512,l,21.jpeg,118,672,50
2513,l,21.jpeg,155,791,50
2514,l,21.jpeg,150,794,50
2515,l,21.jpeg,80,776,50
2516,l,21.jpeg,72,724,50
2517,l,21.jpeg,72,671,50
2518,l,21.jpeg,63,593,50
2519,l,21.jpeg,57,520,50
2520,l,21.jpeg,76,460,50
2521,l,21.jpeg,80,390,50
2522,l,21.jpeg,132,404,50
2523,l,21.jpeg,213,487,50
2524,l,21.jpeg,240,563,50
2525,l,21.jpeg,294,645,50
2526,l,21.jpeg,312,722,50
2527,l,21.jpeg,305,792,50
2528,l,21.jpeg,353,724,50
2529,l,21.jpeg,369,646,50
2530,l,21.jpeg,302,629,50
2531,l,21.jpeg,258,636,50
2532,l,21.jpeg,204,648,50
2533,m,23.jpeg,216,183,50
2534,m,23.jpeg,231,300,50
2535,m,23.jpeg,419,287,50
2536,m,23.jpeg,101,385,50
2537,m,23.jpeg,153,342,50
2538,m,23.jpeg,81,180,50
2539,m,23.jpeg,66,50,50
2540,m,23.jpeg,132,53,50
2541,m,23.jpeg,109,385,50
2542,m,23.jpeg,245,644,50
2543,m,23.jpeg,302,606,50
2544,m,23.jpeg,113,584,50
2545,m,23.jpeg,130,645,50
2546,m,23.jpeg,78,661,50
2547,m,23.jpeg,37,661,50
2548,m,23.jpeg,424,650,50
2549,m,23.jpeg,426,609,50
2550,m,23.jpeg,460,337,50
2551,m,23.jpeg,420,277,50
2552,m,23.jpeg,488,177,50
2553,m,23.jpeg,498,120,50
2554,m,23.jpeg,524,103,50
2555,m,23.jpeg,548,288,50
2556,m,23.jpeg,581,373,50
2557,m,23.jpeg,218,146,50
2558,m,23.jpeg,221,208,50
2559,m,23.jpeg,220,269,50
2560,m,23.jpeg,221,362,50
2561,m,23.jpeg,140,377,50
2562,m,23.jpeg,91,422,50
2563,m,23.jpeg,103,334,50
2564,m,23.jpeg,133,517,50
2565,m,23.jpeg,143,554,50
2566,m,23.jpeg,165,613,50
2567,m,23.jpeg,204,620,50
2568,m,23.jpeg,326,581,50
2569,m,23.jpeg,95,60,50
2570,m,23.jpeg,182,56,50
2571,m,23.jpeg,149,140,50
2572,m,23.jpeg,302,64,50
2573,m,23.jpeg,390,67,50
2574,m,23.jpeg,411,131,50
2575,m,23.jpeg,401,196,50
2576,m,23.jpeg,386,234,50
2577,m,23.jpeg,216,268,50
2578,m,23.jpeg,180,90,50
2579,m,23.jpeg,220,243,50
2580,m,23.jpeg,204,109,50
2581,m,23.jpeg,187,283,50
2582,m,23.jpeg,278,244,50
2583,m,23.jpeg,237,211,50
2584,m,23.jpeg,168,269,50
2585,m,23.jpeg,238,269,50
2586,m,23.jpeg,201,196,50
2587,m,23.jpeg,145,194,50
2588,m,23.jpeg,71,121,50
2589,m,23.jpeg,56,253,50
2590,m,23.jpeg,53,335,50
2591,m,23.jpeg,171,151,50
2592,m,23.jpeg,181,81,50
2593,m,23.jpeg,287,54,50
2594,m,23.jpeg,53,453,50
2595,m,23.jpeg,157,418,50
2596,m,23.jpeg,321,646,50
2597,m,23.jpeg,290,597,50
2598,m,39.jpeg,248,24,50
2599,m,39.jpeg,309,108,50
2600,m,39.jpeg,390,121,50
2601,m,39.jpeg,338,155,50
2602,m,39.jpeg,248,124,50
2603,m,39.jpeg,183,142,50
2604,m,39.jpeg,167,181,50
2605,m,39.jpeg,68,213,50
2606,m,39.jpeg,79,274,50
2607,m,39.jpeg,90,356,50
2608,m,39.jpeg,164,373,50
2609,m,39.jpeg,243,380,50
2610,m,39.jpeg,333,365,50
2611,m,39.jpeg,286,351,50
2612,m,39.jpeg,265,289,50
2613,m,39.jpeg,266,194,50
2614,m,39.jpeg,254,114,50
2615,m,39.jpeg,327,114,50
2616,m,39.jpeg,350,155,50
2617,m,39.jpeg,366,246,50
2618,m,39.jpeg,231,713,50
2619,m,39.jpeg,186,638,50
2620,m,39.jpeg,158,637,50
2621,m,39.jpeg,131,623,50
2622,m,39.jpeg,92,603,50
2623,m,39.jpeg,230,545,50
2624,m,39.jpeg,373,577,50
2625,m,39.jpeg,427,608,50
2626,m,39.jpeg,523,614,50
2627,m,39.jpeg,496,666,50
2628,m,39.jpeg,226,597,50
2629,m,9.jpeg,367,392,50
2630,m,9.jpeg,369,327,50
2631,m,9.jpeg,247,172,50
2632,m,9.jpeg,247,291,50
2633,m,9.jpeg,176,538,50
2634,m,9.jpeg,241,468,50
2635,m,9.jpeg,241,552,50
2636,m,9.jpeg,191,562,50
2637,m,9.jpeg,211,496,50
2638,m,9.jpeg,129,405,50
2639,m,9.jpeg,69,194,50
2640,m,9.jpeg,204,247,50
2641,m,9.jpeg,220,395,50
2642,m,9.jpeg,310,312,50
2643,m,9.jpeg,355,392,50
2644,m,9.jpeg,373,494,50
2645,m,21.jpeg,237,350,50
2646,m,21.jpeg,339,174,50
2647,m,21.jpeg,349,237,50
2648,m,21.jpeg,394,293,50
2649,m,21.jpeg,418,379,50
2650,m,21.jpeg,447,386,50
2651,m,21.jpeg,330,441,50
2652,m,21.jpeg,294,620,50
2653,m,21.jpeg,320,567,50
2654,m,21.jpeg,396,485,50
2655,m,21.jpeg,404,630,50
2656,m,21.jpeg,262,685,50
2657,m,21.jpeg,107,625,50
2658,m,21.jpeg,170,387,50
2659,m,21.jpeg,210,419,50
2660,m,21.jpeg,293,393,50
2661,m,21.jpeg,276,427,50
2662,m,21.jpeg,294,472,50
2663,m,21.jpeg,268,371,50
2664,m,21.jpeg,274,421,50
2665,m,21.jpeg,264,517,50
2666,m,21.jpeg,303,533,50
2667,m,21.jpeg,364,466,50
2668,m,21.jpeg,406,475,50
2669,m,21.jpeg,521,304,50
2670,m,21.jpeg,489,307,50
2671,m,21.jpeg,480,317,50
2672,m,21.jpeg,384,316,50
2673,m,21.jpeg,293,194,50
2674,m,21.jpeg,324,225,50
2675,m,21.jpeg,75,169,50
2676,m,21.jpeg,175,124,50
2677,m,21.jpeg,240,146,50
2678,m,21.jpeg,276,110,50
2679,m,21.jpeg,261,218,50
2680,m,21.jpeg,221,254,50
2681,m,21.jpeg,314,592,50
2682,m,21.jpeg,364,665,50
2683,m,21.jpeg,487,681,50
2684,m,21.jpeg,238,784,50